Medicine,Batch No,Expiry,Qty,Purchase Rat,Mrp,Pack,Combination,Brand,Product,IV/IM,Ampolue
Acitrom 2mg Tab,ACE24001,Dec-26,140,0.4,16.72,30,Nicoumalone Tablet,Abbott,Tablet,,
Acitrom 3mg Tab,ACC23011,Aug-26,60,1.93,19.4,30,Nicoumalane Tablet,Abbott,Tablet,,
AB-flo 100 mg Tab,S25171408H,Jul-27,99,14.21,19.89,15,Acebrophyline.capsules,Lupin,Tablet,,
Aldactone 25mg Tab,Q2A23030,Nov-26,75,0.12,2.44,15,Spironolactone 25mg Tab,Laborate,Tablet,,
Allercet pedtabs 5mg,APAS0030,May-27,18,0.19,3.5,18,Cetirizine Hydrochloride Disperible.Tab,micro labs,Tablet,,
Amlong 10mg,,,,,,,Amlodipine,micro labs,Tablet,,
Amlokind 5mg Tab,G55Y021,Apr-28,70,1.2,1.68,15,Amlodipine Tab,Mankind,Tablet,,
Amlokind 10mg Tab,A0AFW015,Sep-26,54,0.36,3.59,10,Amlodipine Besilate Tab,Mankind,Tablet,,
Amlokind AT Tab,G65Y028,Feb-27,180,2.83,3.98,15,Amlodipine Besilate Tab,Mankind,Tablet,,
Amlokind AT Tab,G65Y039,Apr-27,150,2.83,3.98,15,Amlodipine Besilate Tab,Mankind,Tablet,,
Anxit 0.25mg Tab,AXAS0082,Jun-28,149,1.23,1.62,15,AlprazolamTab,micro labs,Tablet,,
Anxit 0.5mg Tab,AXBS0105,Jul-28,145,2.67,3.5,15,Alprazolam Tab,micro labs,Tablet,,
Zyloric 100mg Tab,EE2328,Nov-26,10,0.15,2.12,10,Allopurinol 100mg Tab,GSK,Tablet,,
Avil 25mg Tab,,,,,,,Pheniramine maleate Tab,Sanofi,Tablet,,
Avil 50mg Tab,,,,,,,Pheniramine malete Tablets,Sanofi,Tablet,,
Azoran 50mg Tab,39A23034,Jul-26,70,0.45,11.81,20,Azathioprine 50mg Tab,Laborate,Tablet,,
Azithral 250mg,2513000315,Aug-27,100,9.5,12.46,10,Azithromycin 250mg Tab,Alembic,Tablet,,
Azithral 250mg,251300163,Sep-27,44,9.5,12.46,10,Azithromycin 250mg Tab,Alembic,Tablet,,
Azithral 500mg,250800872,Jun-27,5,19.18,26.86,5,Azithromycin 500mg Tab,Alembic,Tablet,,
Azithral 500mg,251300202,Oct-27,132,19.18,25.18,5,Azithromycin 500mg Tab,Alembic,Tablet,,
Augmentin 375mg Tab,825C032,Feb-27,103,19.78,25.96,10,Amoxycillin and Potassium clavulante Tab,GSK,Tablet,,
Augmentin 625mg Tab,825D144,Oct-26,27,14.98,20.84,10,Amoxycillin and Potassium clavulanate,GSK,Tablet,,
Astymin,25BDCJ01,Jan-27,155,20.34,26.69,30,Amino acids& Vitamin capsules,fssai,capsule,,
Bandy plus,,,,,,,Albendazole,Mankind,Tablet,,
Bacfon-10,,,,,,,Baclofen,icon,Tablet,,
B-Long,2HV7L016,Oct-26,210,4.32,6.05,30,Pyridoxine sustained release,Torcent pharma,Tablet,,
Bilasure M,AXC0147,Jun-27,393,16.21,21.28,10,Bilatine and montelukast tab,Capital pharma,Tablet,,
Brufen 400mg,692805D7,Aug-27,120,1.3,1.79,15,Ibuprofen,Abbott,Tablet,,
Brufen 400mg,642807D7,Mar-27,45,0.96,1.34,15,Ibuprofen,Abbott,Tablet,,
Banocide Forte,,,,,,,Diethycarbamazine citrate,GSK,Tablet,,
Candid v6,IA250001,Jan-29,60,8.01,40.36,6,Clotrimazole vaginal macoaohosive extended release,Glenmark,Tablet,,
Cardigrel AS 75,HC25043,Sep-26,110,3.06,4.29,10,Clopidogrel and Aspirin capsules,HBC,Tablet,,
Cardirose cold 10,HC25055,Nov-26,135,16.5,23.1,10,"Rosuvastalin,clopidogrel Aspirin capsules",HBC,Tablet,,
Cardirose cold 20,HC24130,May-26,24,19.86,27.8,10,"Rosuvastalin,clopidogrel & Aspirin capsules",HBC,Tablet,,
Cardirose cold 20,HC25037,Sep-26,220,21.36,29.9,10,"Rosuvastalin,clopidogrel & Aspirin capsules",HBC,Tablet,,
Capivit-forte,BFT250704,Dec-26,174,11.3,16,10,"Lycopene, Beda cartone, B-complex, minerals,vitamins and Antioxidants tablets",Capital pharma,Tablet,,
Capi-Q forte,FSG172,Jan-27,92,65.44,92.67,15,"Co-EnzymeQ10,Astaxanthin, Magnesium,L-Argine,Piperine & l-Glutathiane Soft Gelatin capsules",Capital pharma,Tablet,,
Centrum,,,,,,,"UC-11,calcium,vitamin D3,K2",fssai,Tablet,,
Clicin 150,CNL002E,Mar-27,9,13.08,17.18,10,Clindamycin capsules,Indi pharma,Tablet,,
Lumia 60K,SIG1091A,Apr-27,Apr-00,25.04,32.87,8,Cholecalciferol (vitamin D3) capsules,Sun pharma,Tablet,,
Carvidon-OD,CACS0044,Feb-26,15,18.29,25.6,15,Trimetazidine Hydrochloride modified release tablets 60mg,micro labs,Tablet,,
Carvidon-OD,CACS0047,Jul-26,115,18.29,25.6,15,Trimetazidine Hydrochloride modified release tablets 60mg,micro labs,Tablet,,
Carvil 3.125,AXZ1039,Jun-27,35,4.96,6.94,10,Carvedilol tablet,Zydus,Tablet,,
Carloc 3.125,4EC1018,Oct-15,15,3.16,4.43,15,Carvedilol tablet,Cipla,Tablet,,
Carloc 6.25,F130172,Jun-26,75,0.59,5.92,15,Carvedilol tablet,Cipla,Tablet,,
CEFI XL+ 200mg Tab,MRL0345,Oct-26,200,17.66,24.72,10,"Cefixime, Dicloxacilin(MR) & Lactic Acid Bacillus Tablet",Abbott,Tablet,,
Cerom-250,HML0036,Feb-27,130,24.54,32.21,10,Carvedilol tablet,Ciplal,Tablet,,
Cerom-500,HML0100,May-27,102,41.86,58.6,10,Cefuroxime Axetil,Abbott,Tablet,,
Cetcip 10mg,EMV251659,Jun-28,312,1.53,2.14,15,Cetitizine Hydrochloride,Cipla,Tablet,,
Limcel,LIA25134,508,1.25,1.65,15,,Vitamin C chewable Tablets 500mg,Abbott,Tablet,,
Ciplox,5SD0147,Feb-28,130,3.4,4.46,10,Ciprofloxacin Hydrochloride tablets,Cipla,Tablet,,
Concor-cor 2.5,M07AL25039,Jan-27,30,6.75,9.45,10,Bisoprolol Fumarate Tablet,Merck,Tablet,,
Concor-cor 5,M07AM25016,Jan-27,70,10.07,14.1,10,Bisoprolol Fumarate Tablet,Merck,Tablet,,
Chymoral forte,2KUM038,Aug-28,19,17.82,23.39,20,Trypsin-Chymotrypsin,Torrent pharma,Tablet,,
Chymoral Forte ,2KU6M042,Oct-28,344,17.82,23.39,20,Trypsin-Chymotrypsin,Torrent pharma,Tablet,,
Daflon 500 mg,RV292534,Jun-28,105,14.38,20.13,10,micronized purified flavonoid fraction 500mg Tab,Servier,Tablet,,
Dapagold V5,HT25371,May-27,530,13.29,18.6,10,vildagliptin 100mg+sustained release and dupagliflozin 5mg,HBC,Tablet,,
Deriphyllin,N301588,Nov-27,412,0.5,0.75,30,Etophyline and Theophyline ,Zydus,Tablet,,
D3 must 2k,,,,,,,cholecalciferol chewable Tab,mankind,Tablet,,
Dolonex  DT,HP4870,Oct-26,263,11.29,15.8,15,Pixoxiam Dispersible Tab,Pfizer,Tablet,,
Dox7-SL,,,,,,,Doxycyline and Lactic Acid basically.cap,Dr.Redyy's,Tablet,,
Doxebet JR,M2504002,Dec-26,170,6.33,8.86,30,Doxylamine succinate 10mg+ pyridoxal 5- phosphate Tab,BSV,Tablet,,
Digene,602004D7,Nov-26,15,1.26,1.77,15,Antacid antigas Tablet,Abbott,Tablet,,
Dizzivert 16mg,782006D7,May-28,213,1.39,1.95,1,Betahistine hydrochloride Tab,Herodix ,Tablet,,
Digoxino 25mg,,,,,,,Digoxin 0.25mg,GSK,Tablet,,
Drotikind-M,,,,,,,Drotoverine Hydrochloride mefanamic acid.Tab,mankind,Tablet,,
Dupbaston 10mg,KAVA3051,Nov-26,10,5.93,82.98,10,Dydrogesterone,Abbott,Tablet,,
Dulcoflex 5mg,DUA24001,May-26,363,0.06,1.3,10,Bisacodyl 5mg Tab,Sanofi,Tablet,,
Dytor 5mg,4SN0548,Jan-27,30,0.23,4.78,15,Torsemide 5mg.Tab,Cipla,Tablet,,
Dytor 10mg,5SN0785,Feb-28,309,5.38,7.53,15,Torsemide 10mg Tab,Cipla,Tablet,,
Ecosprin-75,56001742,Dec-26,71,0.3,0.39,14,Aspirin Gastro resistant Tablets 75mg,USV private limited,Tablet,,
Ecosprin-AV75,56001810,Feb-27,250,0.3,0.41,14,Aspirin Gastro resistant Tablets 75mg,USV private limited,Tablet,,
Electral Oral 4.40g,445G050,Jun-26,6,3.54,4.65,1,Oral Rehydration Slaths IP,FDC,Oral Powder,,
Envas,JKBT24001,Dec-26,15,1.74,2.44,15,Enalapril maleate tablet 2.5mg,Cardila,Tablet,,
Envas,JKBT25002,Apr-27,15,1.77,2.48,15,Enalapril maleate tablet 2.5mg,Cardila,Tablet,,
Envas,JKBT25003,May-27,150,1.77,2.48,15,Enalapril maleate tablet 2.5mg,Cardila,Tablet,,
Epilive 500 Tab,JB01900,Aug-28,183,10.56,13.86,15,Levetiracetam injection IP,Lupin Ltd,Tablet,,
Eptus-25,18230435,Jun-26,75,1.91,40.13,15,Eplerenone tablet 25mg,Glenmark,Tablet,,
Essentiale-L1g,GEK0064,May-26,118,29.7,43.8,10,Lecithin capsules ,Abbott,Tablet,,
Etova-400,EKH014004AK,Jul-28,30,9.17,12.83,10,Etodolac tablet 400mg,Ipca Laboratories,Tablet,,
Evion-200mg,,,,,,,Vitamin Ecapsules USP 200mg,procter&Gamble Health,Tablet,,
Embeta XR-25,2500493,Jan-27,300,10.2,14.28,10,Metoprolal sccinate Extended release tablet.,INTAS,Tablet,,
Febustat 20mg,,,,,,,Febuxo Stat tablet 20mg,Abbott,Tablet,,
Febustat 40mg,FSA24007,Mar-26,133,15.59,21.82,15,Febuxostat tablet 40mg,Abbott,Tablet,,
Fericap-XT,PFG250723,Dec-26,151,11.09,14.9,10,Ferrous ascosbate polic acid & Zinc sulphate tablet,Capital pharma,Tablet,,
Fericap-XT,PFG250917,Feb-27,200,11.09,13.97,10,Ferrous ascosbate polic acid & Zinc sulphate tablet,Capital pharma,Tablet,,
Flavedon MR 35mg,ME052323,Nov-26,50,1.58,15.84,10,Trimetazidine modified release,Servier,Tablet,,
Frisium 10mg,4NG007,Feb-27,190,7.87,11.02,1,Clobazam tablet,Sanofi,Tablet,,
Farobact 200,,,,,,,Faropenem Sodium tablet,Cipla,Tablet,,
Freeflex,NFF25003GJ,Nov-27,30,50,72.27,15,Glucosamine & Chondroitin Soflets,Universal nutriscience pvt limited,tablet,,
Forecox,17240932A,Sep-27,18,13.9,18.33,6,"Rifampicin,Isoniazid pyrazinamide and Ethambutol Hydrochloride tablets",Macleods pharma,Tablet,,
Forecox,HRJ24017A,Feb-27,34,11.9,16.66,6,"Rifampicin,Isoniazid pyrazinamide and Ethambutol Hydrochloride tablets",Macleods pharma,Tablet,,
Freshlac,O-001,Sep-26,50,11.94,15.04,1,pre & probiotic with Zinc,Capital pharma,Tablet,,
Fertisure M,nfc0090,Sep-26,85,26.98,39.8,1,"L.carnitine tattrate coenzymeQ10;zinc,Lycopene and Astaxanthin tablets tartrate",Sun pharma,Tablet,,
GemerSita 1000,GTG2966A,Oct-27,150,11.75,15.42,10,"Sitagliptin phosphate, Metformin hydrochloride and Glimepride tablets",Sun Pharma,tablet,,
GemerSita 1000,GTG2465A,Jul-27,13,11.75,16.45,10,"Sitagliptin phosphate, Metformin hydrochloride and Glimepride tablets",Sun Pharma,tablet,,
Genvol,JSHY23017,Jul-26,16,1.48,8.25,10,Inhant capsules,Candia pharma,Tablet,,
Gramogyl,SMA0008,Oct-25,96,0.31,9.88,10,Norfloxacin and Tindrazole,Ranbaxy,Tablet,,
High caro,SCH2501,Oct-26,140,6.55,8.25,10,Softgel capsules of Beta carotene,Sangrose,Tablet,,
Hical-M,PFG24719,Jun-26,225,6.62,8.34,10,"Calcium with,Vitamin D3, Lysine& minerals tablets",Capital pharma,Tablet,,
Head set,UB02051,Jul-28,14,60.19,84.28,2,Sumatriplan and Napioxen,Lupin,Tablet,,
Hairry Shine,BFT24196,Jul-26,35,12.64,17.9,10,"Biotin,Calcium,Pantothenate, Lcyteine L methionine, PABA,Selenium; Zinc, Folic Acid & Niacinamide tablets.",Capital pharma,Tablet,,
Isordil-5mg,BH0053006AK,Oct-27,50,0.5,0.92,10,Isosorbide Dinitrate tablets,Ipca,Tablet,,
Isordil-10mg,BHP043001AK,Mar-27,93,0.06,0.9,10,Issorbide Dinitrate tablets,Ipca,Tablet,,
Ivepred 16,SIG0009,Dec-27,71,9.5,13.3,10,Methylprednisolone tablets,Sun pharma,Tablet,,
Junior Lanzol15mg ,5BA1942,May-27,150,9.37,13.12,15,Lansoprazole orally Disintegrating 15mg.Tab,Cipla,Tablet,,
Ketoflam-P,S248190,Jan-26,14,13.25,18.54,10,Paracetomol and Flupirtine maleate,Lupin,Tablet,,
Ketoflam-P,S2481909C,Feb-26,10,13.25,18.55,10,Paracetomol and Flupirtine maleate,Lupin,Tablet,,
Ketoflam-P,S2581907B,Jan-27,10,14.57,20.4,10,Paracetomol and Flupirtine maleate,Lupin,Tablet,,
Ketoflam-P,S2581909D,Mar-27,10,14.57,20.4,10,Paracetomol and Flupirtine maleate,Lupin,Tablet,,
Kimet XL 25mg,Z05BM23008,May-26,10,1.01,14.07,10,S(-) metoprolol Succinate prolonged-release25mg tab,Zuventus,Tablet,,
Kimet XL 50MG,Z05BN230203,Jun-26,30,1.36,19.04,10,S(-) metoprolol Succinate prolonged-release 50mg,Zuventus,Tablet,,
Librium 10mg,LBA24008,May-27,405,7.44,10.41,15,Chloridiazepoxide 10mg,Abbott,Tablet,,
Losakind 25mg,E4X002,Jul-26,18,2.3,18.03,10,Losakind potassium,mankind,Tablet,,
Losakind 25mg,E45Y001,Mar-27,50,2.53,3.54,10,Losakind potassium,mankind,Tablet,,
Losakind 50mg,E55Y001,Jun-27,115,4.48,6.27,10,Losartan potassium,mankind,Tablet,,
Losakind 50mg,E55Y002,Sep-27,110,4.48,6.27,10,Losartan potassium,mankind,Tablet,,
Loparet 2mg,,,,,,,Loperamide Hydrochloride 2mg,Retort Laboratories,Tablet,,
Agricare Plus Sachet,MAC-004,Mar-28,16,,50,1,L-Arginine Proathocyanidin Granules ,mmc,Oral Powder,,
Librax 5mg+2.5mg,LXC25005,Jan-27,60,7.96,11.14,20,chloriazepoxide & clidiniumbromide,Abbott,Tablet,,
Levoflox 500mg,5SD0186,Feb-28,80,7.32,10.25,10,Levofloxacin 500mg,cipla,Tablet,,
Levoflox 500mg,5SD0187,Feb-28,50,7.32,10.25,10,Levofloxacin 500mg,cipla,Tablet,,
Lefno 10mg,GOU0125007A,May-27,73,11.81,16.54,10,Leflunomide,ipca,Tablet,,
Lupin's Lupivon 20mg,LVA2250202,Jan-27,80,12.07,16.9,10,vonoprazon 20mg tablet,Lupin,Tablet,,
Manforce 50,B45W088,Apr-26,                                                  ,11.39,63.75,4,Sildenafil 100,Mankind,Tablet,,
ManForce100,B32W022,May-26,44,2.62,33,9,Sildenafil 100,Mankind,tablet,,
Medineuron LC,24S3GTA421,Apr-26,12,13.57,19,10,L-carnitine mecobalamin & folic acid tablets,mmc pharma,Tablet,,
Medineuron Bt Plus,LK2502,Feb-27,215,16.43,23,10,L-carnitine mecobalamin & folic acid tablets,mmc pharma,Tablet,,
Meftal-SPAS,MST2545,Mar-28,43,3.71,5.2,10,Mefenamic Acid & Dicyclomine Hydrochloride Tablet,Blue cross pharma,Tablet,,
Meftal-SPAS,YMS2565,Feb-28,60,3.71,5.2,10,Mefenamic Acid & Dicyclomine Hydrochloride Tablet,Blue cross pharma,Tablet,,
Metrogyl 400,TM824259,Aug-28,70,1.32,1.7,20,Metronidazole 400mg,J.B.chemicals& Pharma,Tablet,,
Proloment XL 25,GTG1729A,Apr-27,134,3.46,4.84,15,Metoprolol succinate extended release tablet,Sun pharma,Tablet,,
Metolar-50mg,,,,,,,Metoprolal Tartrate tablets 50mg,Cipla,Tablet,,
Prolomet XL 12.5mg,GTG3728A,Oct-27,150,4.14,5.8,10,Metoprolal succinate extended release tablets,Sun pharma,Tablet,,
Prolomet XL 12.5mg,GTG3243A,Sep-27,50,4.14,5.8,10,Metoprolal succinate extended release tablets,Sun pharma,Tablet,,
Prolomet XL 12.5mg,GTG2524A,Jul-27,42,4.14,5.8,10,Metoprolal succinate extended release tablets,Sun pharma,Tablet,,
Meprate,PLMT2503,Jan-28,60,5.24,6.99,10,Medroxy progesterone Acetate,Maneesh pharma,Tablet,,
Mexate 7.5mg,CWA1085,May-26,60,11.31,14.85,10,Methotrxate tablet 7.5mg,Zydus,Tablet,,
Miso-Kare,25S2GTA18,Dec-26,12,10.5,18.73,4,Misoprostol tablets 200mg,DKT,Tablet,,
Miso-Kare,25S2GTB266,Apr-27,12,10.5,19.05,4,Misoprostol tablets 200mg,DKT,Tablet,,
Mirago 25mg,BRE11307A,Oct-26,100,18.71,26.2,10,Mirabegron Extended release tablets 25mg,Sun pharma,Tablet,,
Mymi forte,HT25530,Aug-27,310,16.58,21.76,10,Methylco balamin & pregabalin tablets,HBC,Tablet,,
Myospaz forte,TJ00525,Apr-27,13,29.04,40.65,10,"Chlorzoxazone, Dicofenac potassium and paracetamol",win-medicine,Tablet,,
Mymi max,HC25106,Mar-27,300,17.93,25.1,10,"Nenfotiamine. Alpha Lipoic Acid , Inositol mecobalamin,folic acid, chromium and Selenium ",HBC,Tablet,,
Mymi max,HC25122,Apr-27,140,17.93,25.1,10,"Nenfotiamine. Alpha Lipoic Acid , Inositol mecobalamin,folic acid, chromium and Selenium ",HBC,Tablet,,
Montek FX,GKG0454A,Feb-27,75,15.38,21.53,15,Fexofenadine Hydrochloride and montelukast sodium tablets,Sun pharma,Tablet,,
Novamox-250mg,,,,,,,Amoxycillin Trihydrate 250mg,Cipla,Tablet,,
Novefos Sachet ,CLC0002,Dec-26,1,346.43,485,1,Fosfomycin Trometol powder,SRS,Tablet,,
Nefrosave,N1099,Aug-27,134,12.14,15.93,15,Taurine and Acetylcysteine tablets,Fourrts,Tablet,,
Nodosis,SM2T-25017,Dec-26,30,2.57,3.6,15,Sodium Bicarbonate 500mg tablets,Steadfast,Tablet,,
Nodosis,SM2T-25019,Dec-26,53,2.57,3.6,15,Sodium Bicarbonate 500mg tablets,Steadfast,Tablet,,
Nicotex,5M50672,Aug-27,36,8.62,12.72,12,Northisteroe.Tab,Zydus,Tablet,,
Niftas,K2501340,May-28,55,6.6,9.24,14,Nitrofurantoin Sustained Release Tablet,Intas pharma,Tablet,,
Nicardia retard 20mg,AKG23031,Nov-26,63,3.35,4.7,15,Nifodipine sustained release 20mg.tab,J.B chemicals,Tablet,,
Nuforce-150mg,H45Y008,Jan-28,140,9.81,13.74,2,Fluconazole Tab,mankind,Tablet,,
Nucoxia MR,IA00419A,Apr-28,130,26.31,36.83,10,Etoricoxib and Thiocolchicoside,Zydus,Tablet,,
Nikoran-5,,,,,,,Nicorandil.Tab,Torrent pharma,Tablet,,
Olcure 20mg,HT25045,Dec-26,52,9.06,12.69,15,Olmesartan medoxomil Tablets 2mg,HBC,Tablet,,
Olcure H20,HT25047,Dec-26,14,10.23,14.27,15,Olmearton medoxomil and hydrochlorothiazide tablet,HBC,Tablet,,
Olcure Trio20,HT25364,May-27,600,12.36,17.3,15,"Cilnidipine, chlorthalidone & olmearton medoxomil",HBC,Tablet,,
Olcure Trio20,HT25453,Jun-27,450,12.36,17.3,15,"Cilnidipine, chlorthalidone & olmearton medoxomil",HBC,Tablet,,
Olcure AM20,HT25050,Dec-26,580,9.9,13.87,15,Amlodipine and olmesartan medoxomil tablets,HBC,Tablet,,
Omez-D+,A1062250,Oct-26,72,11.76,15.44,15,Enteric coated esomeprazole 40mg and domperidone sustained release.30 mg capsule,Dr.Reddy's,Tablet,,
Pantocid 40,GTG2613A,Aug-28,34,9.95,13.06,15,Pantoprazole gastro,Alkam,Tablet,,
Pan 20,,,,,,,Pantaprazole,Alkam,Tablet,,
P.500,PFT25040,May-28,130,0.74,3.18,15,Paracetamol tablet,apex,Tablet,,
P.650,DOBS4131,Jun-29,802,1.63,2.14,15,Paracetamol tablet,micro labs,Tablet,,
practin 4mg,D2300403,Oct-26,68,0.32,4.48,15,Cyproheptadine Hydrochloride tablets,Dr.Reddy's,Tablet,,
Prothiaden 25,ADJ0128,Aug-26,20,1.2,11.86,15,Dosulepin tablets,Abbott,Tablet,,
Prednisolane 5mg,,,,,,,Prednisolane tablets 5mg,Vikram labs,Tablet,,
wysolane 10mg,MJ2994,Mar-27,30,1.04,1.35,15,Prednisolane dispersible tablets 10mg,Pfizer,Tablet,,
wysolane 10mg,MJ2996,Mar-27,227,1.04,1.35,15,Prednisolane dispersible tablets 10mg,Pfizer,Tablet,,
Pulmoclear,N0514,May-27,51,11.4,16.4,15,Acebrophyline and Acetylcysteine tablets,Fourrts,Tablet,,
Qsita DM 500mg,EMV252465B,Sep-27,417,15.66,20.56,15,"Dapagliflozin, Sitagliptics and metformin Hydrochloride casextended released",HBC,Tablet,,
Rantac 150mg,TR325181,Mar-27,1140,1.29,1.69,30,Ranitidine 150mg,J.B chemicals,Tablet,,
Rantac 300mg,BR625038,Feb-27,230,2.48,3.26,30,Ranitidine 300mg tab,J.B chemicals,Tablet,,
Rosuvas EZ 10mg,E16HG24001,Jan-27,49,28.13,39.38,10,Rosuvastain & Ezetiibe 10mg+10mg  Tab,Emcure,Tablet,,
Rozavel 40mg,GTG2420A,Jan-28,77,46.79,65.5,10,Rosuvastatin Tab,Sun pharma,Tablet,,
Resodim 15mg,BRE11096A,Oct-26,12,143.43,200.75,4,Tolvaptan Tab,Lupin,Tablet,,
Roseday-CV 20mg,RDY25003,Jan-27,40,6.25,8.74,10,Rosuvastatin 20mg and clopidogrel 75mg.cab,USV,Tablet,,
S-Mega,SCSM2507,Feb-27,180,13.02,16.4,10,Omega 3 Fatty Acid Ethyl Ester Capsules,Sangrose Laboratries,Tablet,,
Salazar,BEA1287,Sep-26,200,3.78,5.29,10,Sulfasalazine gastro resistant tablets 500mg,Zydus,Tablet,,
Salazar,BEB1067,Mar-27,53,3.84,5.38,10,Sulfasalazine gastro resistant tablets 500mg,Zydus,Tablet,,
Senasof,ASF31107,Oct-26,35,1.07,15,10,Purified Senna extract,wanbury,Tablet,,
Stiloz-50,,,,,,,Cilostazol tablets 50mg,Integrace,Tablet,,
Silofast 8mg,BRD09218B,Aug-26,20,1.65,34.6,15,Silodosin capsules 8mg,Cipla,Tablet,,
Silofast 8mg,BRF05121A,Apr-28,150,29.91,41.87,15,Silodosin capsules 8mg,Cipla,Tablet,,
Syndopa 110,GKG1163A,Jun-29,120,1.43,2,15,Levodopa and catrbidopa tablets,Sun pharma,Tablet,,
Solvin cold,HTL0625178,Aug-27,290,5.33,6.99,10,"Paracetamol 500mg, Phenylephrine Hydrochloride 10mg & Chloropheniramine maleate 2mg tablet",Ipca,Tablet,,
Solvin cold,HTL06401968H,Nov-26,26,4.85,6.79,10,"Paracetamol 500mg, Phenylephrine Hydrochloride 10mg & Chloropheniramine maleate 2mg tablet",Ipca,Tablet,,
Solvin cold,HTL0625005BH18,Jan-27,124,5.32,6.99,10,"Paracetamol 500mg, Phenylephrine Hydrochloride 10mg & Chloropheniramine maleate 2mg tablet",Ipca,Tablet,,
Sporlac,BDS25020,Jun-27,100,6.83,9.56,25,Lactic Acid Bacillus tablets (120 m),J.B chemicals & pharma,Tablet,,
Starpress XL (25),UA02287,Aug-26,110,3.4,4.76,15,Metoprolal Succinate prolonged release tablets,Lupin,Tablet,,
Stugeron forte,,,,,,,Cinnarizine tablets,Jassen,Tablet,,
Susten 200mg,GTG1031B,Mar-27,57,27.79,38.9,10,Progesterone soft gelatin capsule,Sun pharma,Tablet,,
Sysfol,HSL090725,Jun-27,154,0.94,1.24,30,Folic acid tablets,ontop pharma,Tablet,,
Sompraz D40,GTG0650A,Jan-27,135,18.93,26.5,15,Enteric coated Ezomeprazole magnesium and Domperidone SR capsules,Sun pharma,Tablet,,
Starizo 200mg,XYC00094,Apr-27,46,165,990,6,Tedizolid phosphate tablets,Sun pharma,Tablet,,
Telma 40mg,18240191,Feb-27,185,5.41,7.57,30,Telmisartan 40mg Tablets,Glenmark,Tablet,,
Telista-AM,JA02322,Aug-26,65,14.73,20.62,15,Telmisartan and amlodipine Besilate,Lupin,Tablet,,
Trapic 500mg,SIF1714A,Jun-26,11,14.83,19.47,10,Tranexamic Acid 500mg,HBC,Tablet,,
Trapic 500mg,SIG1156A,Apr-27,70,15,19.8,10,Tranexamic Acid 500mg,HBC,Tablet,,
Thiamin,42TTH052,Aug-26,69,10.74,15.04,15,Benfotiamine Tab,Ordain healthcare,Tablet,,
Torget,,,,,,,Torsemide,Zydus,Tablet,,
Trihexy,,,,,,,Trihexyphenide,East west pharma,Tablet,,
Udiliv 150mg,823027D7,Sep-28,45,26.77,35.14,15,Ursodeoxycholic Acid Tablets,Abbott,Tablet,,
Udiliv 300mg,782921D7,May-28,37,46.93,61.6,15,Ursodeoxycholic Acid Tablets,Abbott,Tablet,,
Udiliv 300mg,832923D7,Oct-28,53,46.93,61.6,15,Ursodeoxycholic Acid Tablets,Abbott,Tablet,,
Urimax,,,,,,,Tamsulosin HCL & Dutasteride,Cipla,Tablet,,
Veltam-F,N2403517,Nov-27,115,23.05,32.27,15,Tamsulosin Hydrochloride (modified release) Finasteride Tab,Intas pharma,Tablet,,
Vomikind-MD4,D45Y006,Jan-27,13,3.6,5.05,10,Ondasteron orally Disintegrating Tablet,mankind,Tablet,,
Vomikind-MD4,D45Y010,Mar-27,68,3.67,5.13,10,Ondasteron orally Disintegrating Tablet,mankind,Tablet,,
Vomikind-MD4,D45Y021,Jul-27,350,3.67,5.13,10,Ondasteron orally Disintegrating Tablet,mankind,Tablet,,
Strip vomikind-fast,A1E0Y001,May-27,3,14.5,20,1,ondastron orally Disintegrating.Strips,mankind,Tablet,,
Vertin 16mg,VEB25021,Oct-28,150,20.62,27.06,15,Betahistine 16mg Tab,Abbott,Tablet,,
Vertin 8mg,VEA25002,Apr-28,53,10.18,14.25,15,Betahistine 8mg Tab,Abbott,Tablet,,
Vasograin,,,,,,,Ergotumine catfeine Paracetomol and prochlorperuzine (1mg+100mg+250mg),Cadlla,Tablet,,
Volicure Trio 1./0.3,HT25427,Jun-27,815,12.57,17.6,15,Voglibose Glimepiride and Extended Release metformin Hydrochloride Tablet,HBC,Tablet,,
Vibacat,BA25N01,May-27,50,16.73,23.42,10,Pre & Probiotic capsules-DS,USV,Tablet,,
Warf-5mg,SB31367,May-26,150,0.06,2.69,30,warfarin siodium 5mg Tab,Cipla,Tablet,,
Xygrel 90mg,N2501677,Apr-28,90,18.38,25.73,10,Ticugrelor 90mg.Tab,IntasPharma,Tablet,,
Zerodol-SP,FND0725049BH,Nov-27,100,9.93,13.9,10,"Aceclofenac 100mg, Serratiopeptidase 15mg & paracetomol 325mg tab",Ipca,Tablet,,
Zerodol-SP,FND0725077BH,Feb-28,133,10.64,13.97,10,"Aceclofenac 100mg, Serratiopeptidase 15mg & paracetomol 325mg tab",Ipca,Tablet,,
Zerodol-P,KVB032510AS,Jul-27,63,5.79,7.59,10,Aceclofenac 100mg & Paracetomol325mg.tab,Ipca,Tablet,,
Zenflox 200mg,T05W012,May-26,40,0.5,6.99,10,Oflaxacin.Tab,mankind,Tablet,,
Zedott,,,,,,,Racecadotril 100mg cap,Torrent pharma,Tablet,,
Zolfresh 5mg,ZLT23015,Aug-26,42,0.33,6.95,15,Zolpidem Tartrate Tab,Abbott,Tablet,,
Zovirax,EG2401,Dec-26,9,1.09,15.29,10,Aciclovir 400mg Tab,GSK,Tablet,,
Zovirax,EG2510,Oct-28,50,11.11,14.88,10,Aciclovir 400mg Tab,GSK,Tablet,,
Zincovit.CD,ZCT25013,Jan-27,66,16.4,164,10,"Multivitamin, multimineral, Antioxidants and Taurine tab",Apex,Tablet,,
Zincovit.CD,ZCT25014,Jan-27,170,16.4,164,10,"Multivitamin, multimineral, Antioxidants and Taurine tab",Apex,Tablet,,
Zyramod25mg,24S2GTC263,Jan-26,4,21.39,29.95,10,Iguratimad 25mg Tab,Zydus,Tablet,,
Zyrtec tab,EMV252455,Sep-28,330,1.53,2,15,Cetirizine Hydrochloride Disperible.Tab,Dr Reddy,Tablet,,
Zincovit W,ZWT25009,Feb-27,92,12.88,16.91,10,"Multivitamin,multimineral with Amino Acids and Natural Extracts.",Apex,Tablet,,
Neosporin-H,R138,Jul-26,3,86.35,86.35,1,"Neomycin and Polymyxin B Sulphates, Bactitracin Zinc, and Hydrocortisone ophthalamic Ointment USP",GSK,Ointment,,
Thrombophop,IA006964,Jun-28,3,240.57,240.57,1,Ointment of Heparin sodium and Benzyl Nicotinate,Zydus,Ointment,,
Cipladine,,,,,,,Multipurpose Antiseptic skin Ointment,Ciplahealth,Ointment,,
Betadine,PE01125,Apr-27,9,147.62,147.62,1,Povidine-Iodine Ointment USP 10% W/W,Win-Medicare,Ointment,,
Betadine,PB05825,Jan-27,1,145.14,145.14,1,Povidine-Iodine Ointment USP 10% W/W,Win-Medicare,Ointment,,
Kenacort,CF023,Sep-26,2,181.7,181.7,1,Triamcinolone Acetonide Buccal Paste,Abbott,Ointment,,
Oraways,C6X017,Sep-26,6,91.85,91.85,1,Triamcinolone Oromucusal,Mankid,Ointment,,
Oraways,C6X019,Sep-26,1,91.85,91.85,1,Triamcinolone Oromucusal,Mankid,Ointment,,
Ringsan,RG024,Jun-27,1,90.03,90.03,1,Luliconazole Cream 1% W/W ,Sangrose,Ointment,,
Placentrex,25D114,Apr-27,1,202.22,202.22,1,Placenta extract gel,Albert David,Ointment,,
Silverex,RDC0182,Jun-27,4,123,123,1,Silver Nitrate Gel 0.2% W/W,Sun pharmaceutical,Ointment,,
Itch Guard,A1000,Jun-28,1,71.72,71.72,1,Itch Guard,Healthcare India,Ointment,,
Betnovate,A43S,Dec-26,6,23.3,23.3,1,Betamethasone valerate and Neomycin skin cream,GSK,Ointment,,
Betnovate-C,HL3K,May-27,3,77.9,77.9,1,Betamethasone and clioquinol cream BP,GSK,Ointment,,
T-Bact,P89A,Nov-26,15,108.36,108.36,1,Mupirocin Ointment,GSK,Ointment,,
Candid-B,,,,,,,Clotrimazole and Beclomethasone cream ,GSK,Ointment,,
ARK gel,AGL2530,Jul-27,31,167,167,1,"Diclofenac,Capsaicin,Methyl Salicylate & Methanol gel",apex,Ointment,,
Pileum,N034,May-26,5,180,180,1,"Troxerutin, Calcium Dobesilate, Zinc,Phenylephrine",mmc,Ointment,,
Pileum Enema 100ml,49926,Jun-26,2,95,95,1,Phosphate Enema,mmc,Enema,,
Inhaler spacer,16J24071,Jul-29,1,581,581,1,ZerostatVT,Cipla,Inhaler,,
Medi Grip,,,,,,,Adhesive bandage,Precision Coatings,Bandage,,
Formoflo 250,,,,,,,Formoterol Fumerate and Fluticasone propionate Inhalation,Lupin,Inhaler,,
Azeflo,A25015SU,Jan-27,1,558.6,558.6,1,Azelastine Hydrochloride and Fluticasone Propionate Nasal spray,Lupin,Spray,,
Asthalin,5GB0069,Nov-26,2,176.98,176.98,1,Salbutamol Inhalation IP 100mcg,Cipla,Inhaler,,
Foracort 100,4SA1748,Jun-26,2,145.15,145.15,1,Formoterol fumerate and Budesconide powder for inhalation IP 100,Cipla,rotacaps 100,,
Foracort 200,4BA1112,Jun-26,3,192.19,192.19,1,Formoterol fumerate and Budesonide powder for Inhalation 200,Cipla,rotacaps 200,,
Budamate 400,JA02134,Aug-26,1,452.9,452.9,1,Budesonide and Formoterol Fumerate Inhalation,Lupin,Inhaler,,
Otrivin Baby,PZ25006#,Jan-27,2,64.35,64.35,1,Saline Nasal Solution I.P,Haleon,Solution,,
Fluvia suspension,D0085016,Aug-27,5,587.81,587.81,1,Oesltamivir Oral Suspension IP,Macleods,Syrup,,
Duphalac,733182D7,Jun-27,4,196.87,196.87,1,Lactulose Solution I.P,Abbott,Syrup,,
Digene,,,,,,,Antacid antigas gel,Abbott,Syrup,,
Grilinctus,K0415022,Sep-26,3,128,128,1,Terbutaline Sulphate and Bromhexine Hydrochloride Syrub,STP pharmaceuticals,Syrup,,
Clear UTI 100ml,CUSST25022,Jun-27,7,231,231,1,Potassium magnesium citrate D-Nannose & cranberry extract,apex,Syrup,,
Ascoril D plus,11250933,May-27,5,169,169,1,"Dextromethorphan Hydrobromide, Phenylephrine Hydrochloride & Chloropheniramine maleate",Glenmark,Syrup,,
Encorate 200ml,SXG0201A,Jan-27,1,145,145,1,Sodium Valproate Oral Solution IP,Sun pharmaceuticals,Syrup,,
Sucrafil 200ml,N1236,Aug-28,18,295,295,1,Sucralfate & Oxetacaine Suspension,Fourrts,Syrup,,
Ascoril LS100ml,11251348,Sep-27,8,144.85,144.85,1,"Levosalbutamol Sulphate, Ambroxonol Hydrochloride and Gualphenesin Expectorant",Glenmark,Syrup,,
Clevira,CVS25006,Aug-28,3,151,151,1,Dengue syrub,apex,Syrup,,
Clevira,CVS25007,Sep-28,5,151,151,1,Dengue syrub,apex,Syrup,,
Maxtra,Z06AD25035,Sep-25,11,119.45,119.45,1,Phenylephrine Hydrochloride & Chlorpheniramine maleate ( 5mg+2mg ),Zuventus,Syrup,,
Potklor,,,,,,,Potassium chloride Oral solution U.S.P,Martin and Harris,Syrup,,
Montek 60ml,NCC0046,Jul-27,13,155,155,1,Montelukast sodium and levocetirizine Dihydrocloride,Sun pharma ,Syrup,,
Montek 60ml,NCC0053,Aug-27,3,145,145,1,Montelukast sodium and levocetirizine Dihydrocloride,Sun pharma ,Syrup,,
Ascoril Junior LS,05250988A,Nov-26,1,116,116,1,"Levosalbutamol sulphate, Ambroxol Hydrochloride and Gualphenasin Expectorant",Glenmark,Syrup,,
Ascoril Junior LS,05251360A,Mar-27,9,108.75,108.75,1,"Levosalbutamol sulphate, Ambroxol Hydrochloride and Gualphenasin Expectorant",Glenmark,Syrup,,
Azithral 100,2513000185,Sep-27,10,43.39,56.95,1,Liquid 100,Alembic,Syrup,,
Azithral 100,250800975,Jun-27,2,43.39,60.75,1,Liquid 100,Alembic,Syrup,,
Azithral 200,251300070,Jun-27,5,41.62,58.72,1,Liquid 100,Alembic,Syrup,,
Defcort,13251016A,Sep-27,1,66,92.4,1,Deflazacort Oral Suspension,Macleods,Syrup,,
Defcort,13250609A,Nov-27,3,66,92.4,1,Deflazacort Oral Suspension,Macleods,Syrup,,
Dweet3,DWF25005,Oct-26,5,63.84,89.38,1,Cholecalciferol Drops,Apex,Drops,,
Nor- metrogyl o Suspension,XSWN25017,Feb-27,4,45.64,63.89,1,Metronidazole 7 Ofloxacin Suspension,J. B Chemical & Pharma,Syrup,,
Zinconia ,ZLE3AQ4004,Jan-27,6,91.25,127.75,1,Zine Acetate Oral Suspension,Zuventus Healthcare Limited,Syrup,,
Otrivin Advance,PA25003,Dec-26,9,168,240,1,Oxymethazoline HCI Metered Dose nasal Spray,Pontika Aerotech Limited,Drops,,
Dolo Drops,HECR5012,Mar-27,1,23.57,33,1,Paracetomal Paediatric Oral Suspensiom Ip,micro labs,Drops,,
Nootropil,D240837,Oct-27,3,320.9,449.25,1,Piracetam syrup 100mg/ml,"Dr.Reddy,s",Syrup,,
P-120 suspension,POS25036,Jul-28,8,29.76,41.06,1,Paracetamol Paediatric Oral suspension I.P,apex,Syrup,,
P-250 suspension,PTS25238,Sep-28,14,32.64,42.84,1,Paracetamol Paediatric Oral suspension I.P,apex,Syrup,,
P-500 suspension,PFS25056,Sep-27,5,34.08,44.73,1,ParacetamolOral suspension,apex,Syrup,,
Cefakind,AOFHX028,Jun-27,1,128.91,180.48,1,Cefuroxime Axetil for Oral suspension I.P,Mankind,Syrup,,
Bandy,AOFHY0575,Nov-26,5,126.71,177.4,1,Albendazole Oral suspension IP,Mankind,Syrup,,
Augmentin DUO,825A053,Nov-26,3,49.08,68.72,1,Amoxycillin and Potassium Clavulanate Oral  suspension IP 228.5mg/5ml,GSK,Syrup,,
Astymin-C,TFS25013,Jun-27,1,121.14,169.9,1,"Essential Amino acids, Vitamin C & Vitamin E drops",fssai,Drops,,
Trifer,TFS25016,Jul-27,9,121.36,159.29,1,Iron (III) Hydroxide Polymaltose Oral Solution,apex,Syrup,,
Otrivin paediatric,PJ25010,Jun-27,8,60,89,1,Xylometazoline Hydrochloride Nasal Solution I.P 0.05% W/V,GSK,Drops,,
Bifilac GG ,BTF25E01,Dec-26,8,236.61,349,1,Lactobacillus rhamnousus GG ATCC 53103 drpos,Allianz biosciences,Drops,,
Domstal Baby,T960M003,Feb-27,2,75.75,106.05,1,Domperidone Oral drops 10 mg/ml,Torrent pharma,Drops,,
Zincovit 30ml,ZVD25035,Aug-26,2,84.74,111.23,1,Multivitamin & Minerals drops,apex,Drops,,
Zincovit 200ml,ZVS25168,Oct-26,4,122.03,160.17,1,Multivitamin & Minerals drops,apex,Syrup,,
Colitreat 30ml,L1205009,Jul-27,2,35.71,50,1,"Dill oil, Fennel oil with Simethicone drops",Smart,Drops,,
RBX-AID,NDC001,Dec-27,70,1.37,4.8,1,Medicated adhesive plasters,Ranbaxy,Bandage,,
Vicks vaporub  5mg,528202,Sep-27,11,23,23,1,,,Vaporub,,
Vicks vaporub 10mg,519505,Jun-27,6,35.77,45,1,,,Vaporub,,
Vicks vaporub Xtra strong,12549,Jan-27,11,40.51,55,1,,,Vaporub,,
Drops,,,,,,,,,,,
Botroclot,BTS25235,May-27,8,212.14,297,1,Sterike Haemocoagulase solution 0.2 CU,Juggat Pharma,Drops,,
Bell-Fluconazole,432024,Nov-26,2,92.85,129.65,1,Fluconazole 0.3% W/V solution,Bell Pharma,Drops,,
Refresh Tears 10ml .5%,120610,May-27,6,107.78,131.28,1,Carboxy-Methylcellulose sodium eye drops,abbvie,Drops,,
Refresh Tears 10ml 1%,120331,May-27,5,145.41,177.11,1,Carboxy-Methylcellulose sodium eye drops,abbvie,Drops,,
Ciplox-D,5A00403,Jan-28,19,20.85,27.37,1,Ciprofloxacin & Dexamethasone Eye/Ear Drops,Cipla,Drops,,
Waxonil 10ml,,,,,,,"Paradichlorobenzene, Benzocaine,chlorbutol & Turpentine oil ear drops",Entod pharmaceuticals,Drops,,
Liv.52 ,111250612,May-28,3,Jun-00,235,1,Tablets 100,Himalaya,Capsules,,
Eptoin,EPB23034,Nov-26,3,168.96,236.54,1,Phenytoin Tablets I.P 100mg,Abbott,Capsules,,
Thyronorm 25mcg,TMB25231,Sep-27,1,141.6,185.4,1,Thyroxine Sodium Tablets I.P,Abbott,Capsules,,
Thyronorm 50mcg,TMD25169,May-27,2,100.8,140.83,1,Thyroxine Sodium Tablets I.P,Abbott,Capsules,,
Thyronorm 50mcg,TMD25219,Jun-27,2,100.8,140.83,1,Thyroxine Sodium Tablets I.P,Abbott,Capsules,,
Thyronorm 75mcg,TMF25211,Oct-27,3,140.4,183.97,1,Thyroxine Sodium Tablets I.P,Abbott,Capsules,,
Thyronorm 75mcg,TMF25193,Aug-27,2,140.4,183.97,1,Thyroxine Sodium Tablets I.P,Abbott,Capsules,,
Thyronorm 75mcg,TMF24212,Feb-26,1,138,192.89,1,Thyroxine Sodium Tablets I.P,Abbott,Capsules,,
Thyronorm 75mcg,EBRC5017,Mar-27,1,138,196.24,1,Thyroxine Sodium Tablets I.P,Abbott,Capsules,,
Thyronorm 100mcg,TMH25211,Jul-27,3,128.4,180.9,1,Thyroxine Sodium Tablets I.P,Abbott,Capsules,,
Thyronorm 125mcg,EBRL15003,Aug-27,2,165.6,231.08,1,Thyroxine Sodium Tablets I.P,Abbott,Capsules,,
Nitrocontin 2.6mg,,,,,,,Controlled release tablets of Nitroglycerin,Modi mundipharma,Capsules,,
ZY-Q-200,IA01162A,Jul-27,3,152.4,215.22,30,Hydroxychloroquine sulphate Tablets IP,Zydus,Tablet,,
Podwart-S,BEW01ABA,Jun-27,2,227.14,318,1,"Podyphyllum Resin, Benzoin, Aloes & Salicylic Acid solution",Menarini,Solution,,
Augmentin 1.2g,D400737,Apr-26,6,112.51,157.52,1,Amoxycillin and potassium Clavulanate injection,GSK,Injection,,
Augmentin 1.2g,DA00071A,Nov-26,18,114.47,160.26,1,Amoxycillin and potassium Clavulanate injection,GSK,Injection,,
Cort-S,V4471676,Aug-27,8,19.68,47.7,1,Hydrocotisone sodium succinate injection I.P,GSK,Injection,,
Moxynic 1.2g,,,,,,,Amoxycillin and potassium Clavulanate injection I.P,Abbott,Injection,,
Pipzo,25442790,Jun-27,20,248.55,326.22,1,Piperacilin and Tazobactam Injection IP,Alkem,Injection,,
Epecetam 5ml,V667137,Sep-27,7,39.9,121.8,1,Levetiracetam injection USP,Neon,Injection,,
Alinfec-250,,,,,,,Amikacin sulphate injection I.P,Abbott,Injection,,
Alinfec-500,AHK0182,Jul-26,9,86.29,113.25,1,Amikacin sulphate injection I.P,Abbott,Injection,,
Alinfec-500,AHL0119,Jul-27,13,87.79,115,1,Amikacin sulphate injection I.P,Abbott,Injection,,
Kenacort 10mg/ml,NCL0197,Jul-28,4,67.98,95.17,1,Triamcinolone Acetonide Injection I.P,Abbott,Injection,,
Neomal I.V 100ml,T383L1186,Jul-27,57,38.9,574,1,Paracetomol Infusion I.P(1.0%),Neon,Injection,,
Fuxin 200mg/1ooml,DH40592,Oct-26,9,42.2,220,1,Ofloxacin Infusion I.P,Neon,Injection,,
Pan 40mg,2577087,Aug-27,40,16.8,53.9,1,Pantoprazole for injection I.P,Alkem,Injection,,
Merosure,25460933,Apr-27,32,745.65,1043.9,1,Meropenem injection IP 1gm,Alkem,Injectiion,,
Xone XP 1.125g,25460553,Mar-27,25,181.43,254,1,Ceftriaxone Tazobactam for Injection,Alkem,Injection,,
Trophine,SM038126,Nov-26,7,5.73,7.18,1,Atrophine Sulphate Injection I.P,Neon Laboratories,Injection,IV/IM/SC,1ml
Astymine -3,TAA5T5,Jan-27,7,129.52,170,1,Pure Crstalline Essential Amino Acids injection,Tablets (India) Limited,Injection,IV,20ml 
Avil ,321325011,Jun-28,6,4.69,6.26,1,Pheniramine Maletae Injection,sanofi,Injection,IM/ Slow IV,2ml 
Dextomid 50,1257019,Jan-27,3,182.9,372,1,Dexmedetomide 50mg,Neon Laboratories,Injection,IV,.5ml
Deriphyllin,NA00054A,Apr-29,64,7.78,10.89,1,Etophylline & Theophylline,Zydus Healthcare,Injection,IV/IM,2ml 
Dexalab,VDDTI-001,Oct-26,17,6.2,12.95,1,Dexamethasone ,Laborate,Injection,IV/IM,2ml 
Dexalab,ADDUI-005,Mar-27,11,5.7,11.4,1,Dexamethasone ,Laborate,Injection,IV/IM,2ml 
Dolonex,23040205,Aug-26,36,6,64,1,Piroxicam,Pfizer,Injection,IM,2ml 
Drotin,MHE-1398,May-27,8,10,37.54,1,Drotaverine Hydrochloride,Walter Bushnell,Injection,IV/IM,2ml 
Dobustat,IDBTA1412,Nov-26,18,36.07,50.5,2,Sterile Dobutamine Concentrate,Samarth,Injection,IV,5ml
Epipres,1231087,Jun-27,3,31.5,44.6,1,Ephedrine,Neon Laboratories,Injection,IM/ Slow IV,1ml
Fenobarb,IPBTA2404A,May-27,6,24.79,247.9,1,Phenobarbitone,Samarth,Injection,IM/ Slow IV,1ml
Fruglee,25AC037A,Feb-27,10,6.5,6.5,1,Furosemide ,Glee Biotech,Injection,IV/IM,2ml 
Hyocimax-s,NA0052A,APIR-27,4,17.6,17.6,1,Hyoscyamine,Zydus Healthcare,Injection,IV/IM,1ml
Imax-s,MPG242802,Jun-26,2,300.74,300.74,1,Iron Sucrose  100mg,Aristo pharma,Injection,IV,5ml
Imax-s,MPJ253506,Aug-27,15,286.84,286.84,1,Iron Sucrose  100mg,Aristo pharma,Injection,IV,5ml
Ketorol,V250182,Feb-28,,,36.59,1,Ketorolac Tromethamine,Dr Reddy,Injection,IM/IV,1ml
ketolac,INL202506,Aug-27,14,38.91,38.91,1,Ketorolac Tromethamine,Intas pharma,Injection,IM/IV,1ml
Injek,1255173,May-26,6,30.6,30.6,1,Phytomenadione,Neon Laboratories,Injection,IM/ Slow IV,.5ml
Lori,143425,Mar-28,4,12.59,12.59,1,Diazepam,Neon Laboratories,Injection,IM/ Slow IV,2ml 
Lori,44396,May-27,10,12.59,12.59,1,Diazepam,Neon Laboratories,Injection,IM/ Slow IV,2ml 
Nacetam,KP1912080,Dec-25,,,140.75,,Piracetam,Neon Laboratories,Injection,IV,15ml
Traxol,G12497,Dec-26,19,26,26,1,Tramadol Hydrochloride,Captial Pharma,Injection,IM/IV,2ml 
Nitrocin,INGLA1504,Feb-27,7,34.6,34.6,1,Nitroglycerin,Samarth,Injection,IV,5ml
Neticol,1324069,Jan-26,9,190.8,190.8,1,Citicoline,Neon Laboratories,Injection,IM/IV,2ml 
Neticol,1324067,Jan-26,5,190.8,190.8,1,Citicoline,Neon Laboratories,Injection,IM/IV,2ml 
Meftal-SPAS,ZAFE2504,Apr-27,12,7.22,7.22,1,Dicylomine,Blue Cross Laboratories,Injection,IM,2ml 
Potcl,KP1307646,May-27,5,27.16,27.16,1,Potassium Chloride,Neon Laboratories,Injection,IV,10ml
Phenergan,QAH10027,Feb-26,,,13.4,,Promethazine Hydrochloride,Abbalt Healthcare,Injection,IM/ Slow IV,2ml 
Perinorm,GE252510D,Feb-26,,,5.98,,Metoclopramide Hydrochloride,IPCA Laboratories,Injection,IM/IV,2ml 
Thiamin,ASY2AAA,Jan-27,4,59.8,59.8,1,Thiamine Hydrochloride 100mg,Exeltis Ordain Healthcare,Injection,IM/IV,2ml 
Thiosol,172470,Dec-26,1,51.15,51.15,1,Thiopentone 50mg,Neon Laboratories,Injection,IV,500mg
Tazowin,ARTAZ2513,May-28,4,48.31,48.31,1,Pentazocine,Themis Medicare,Injection,IM/IV,1ml
Tranemic,,Jul-27,,,,,Tranexamic Acid,Samarth,Injection,IV,5ml
Xamic Inj,W582M003,Jul-27,7,73.22,73.22,1,Tranexamic Acid,Torrent,Injection,IV,5ml
Carnosin,IADNA2401A,Apr-26,,,207.96,,Adenosine,Samarth,Injection,IV,2ml 
Dic-Plus,GA24K-014C,Oct-26,84,26,26,1,Diclofenac,Captial Pharma,Injection,IV  ,1ml
Lox 2%,SM144619,Jan-27,,,34.93,,Lignocaine Hydrochloride,Neon Laboratories,Injection,IM,30ml
Anawin,,,,,,,Bupivacaineb Hydrochloride,Neon Laboratories,Injection,IM,20ml 
Labitol,25LA09E,Dec-26,6,223.91,223.91,1,Labetalol 20mg,Glee Biotech,Injection,IV,4ml
Lox 2% Adrenaline,SUI478390,Jan-28,,,35.27,,Lignocaine and Adrenaline,Neon Laboratories,Injection,IM,30ml
MISO-KARE,25S2GTB266,Apr-27,12,76.21,76.21,4,Misprostol 200mg,DKT india,Tablet,Tablet,200mg
MISO-KARE,25S2GTA181,Dec-26,12,74.91,74.91,4,Misprostol 200mg,DKT india,Tablet,Tablet,200mg
Vasocon,KP8540B,Jun-26,3,13.92,13.92,1,Adrenaline Bitartrate,Neon Laboratories,Injection,IM/IV,1ml
Vasocon,KP85401,Mar-26,3,13.69,13.69,1,Adrenaline Bitartrate,Neon Laboratories,Injection,IM/IV,1ml
Adrenor,INABA1515,Mar-27,2,45.95,45.95,,Sterile Neoadrenaline Concentrate,Samarth,Injection,IM/IV,2ml 
Arachitol,PCL01244,Nov-27,,,542.54,,Vitamin D3 ,Abbott,Injection,?,1ml
Setrol,ISTDA1501,Apr-28,7,118.91,594.55,1,Sodium Tetradecyl Sulphate,Samarth,Injection,IV,2ml 
Susten 100,FGB0023,Dec-25,,,157,,Progesterone  100mg,Sun Pharma,Injection,IM,1ml
Pyrolate,KP1254123,Jan-27,15,16.4,16.4,1,Glycopyrrolate,Neon Laboratories,Injection,IM/IV,1ml
Kezlin,2468002,Jan-26,3,254.52,254.52,1,Clindamycin,Alkem Laboratories,Injection,IM/IV,4ml
Paparin,2DV25001,Dec-27,9,28.2,141,1,Papaverine Hydrochloride,Troikaa Pharma,Injection,IM/IV,2ml 
Epsolin ,NA00096,Apr-29,8,13.55,13.55,1,,,,,
Adrenaline Bitartrate injection,adr25002,Mar-27,10,13.69,13.69,1,Adrenaline Bitartrate injection,Themis Medicare,injection,IM/,1ml
Active Plus,GA25A-010C,Nov-26,17,70.68,95,1,"Methylcobalamin, Pyridoxine HCL & Niacinamide",Captial Pharma,Injection,IM/IV,2ml 
Sterile Water 10ml,10LDQP571,Sep-27,,,3.24,,Sterile Water,Deo Gratias Parenteral,Sterile Water,-,10ml
Sterile Water 5ml,5DGP5096,Sep-27,37,2,3.12,1,Sterile Water,Deo Gratias Parenteral,Sterile Water,-,10ml
Sterile Water 10ml,I0225195,Jul-29,85,2.09,2.75,1,Sterile Water,IVM PHARMACIA,Sterile Water,-,10ml
ONS,GA25C-010B,Feb-27,45,13.35,13.35,1,Ondansetron Hydrochloride ,Captial Pharma,Injection,IM/IV,2ml 
Sodac,UN199099,Mar-27,8,11.2,15.32,1,Sodium Bicarbonate 10,Neon Laboratories,Injection,IV,10ml
Sodac,UN199092,Dec-26,10,11.2,15.1,1,Sodium Bicarbonate 10,Neon Laboratories,Injection,IV,10ml
Domin,V639088,Nov-26,3,12.5,24.98,1,Sterile Dopmine Concentrate,Neon Laboratories,Injection,IV,5ml
Proluton Depot,G401767,Jun-28,5,,253,,HydroxyProgesterone,Zydus Healthcare,Injection,,1ml
Imphagen,7213,Mar-27,5,,42,,Gentamicin,Impha Generics,Injection,IM/IV,30ml
Palmol,7003,Oct-26,5,,30,,paracetamol,Impha Generics,Injection,IM,30ml
Imphadex,1116,Aug-26,5,,29.9,,Dexamethasone Sodium Phosphate,Impha Generics,Injection,IM/IV,30ml
CPM,7004,Oct-26,5,,30,,Chlorpheniramine,Impha Generics,Injection,IM/IV,30ml
Calgohin,492,Feb-26,5,,7.61,,Calcium Gluconate,Hindustan Medicines,Injection,IM/IV,10ml
Dextrose Injection 25%,12410,Dec-26,5,,25,,Dextrose injection,Bhavani PharmaPvt ltd,Injection,Slow IV,25ml
Budecort Respules,5sa0426,Feb-27,5,,26.65,,Budesonide Nebuliser Suspension,Cipla,Nebuliser Suspension,Neb,2ml 
asthalin ,5l8217,Feb-28,5,,8,,Salbutamol Respirator Solution,Cipla,Nebuliser Suspension,Neb,2.5ml
Duolin Respules,45n2392,Nov-26,5,,24.94,,Ipratropium Bromide and Levosalbutamol Respirator Solution,Cipla,Nebuliser Suspension,Neb,3ml
Neomol 250,np291037,Nov-27,5,,21.7,,paracetamol Suppositories 250,Neon Laboratories,Suppositories,Suppositories,250mg
Neomol 170,blnp487042,Nov-27,5,,8.88,,paracetamol Suppositories 170,Neon Laboratories,Suppositories,Suppositories,170mg
Neomol 80,np486015,Jan-28,5,,7.34,,Paracetamol Suppositories 80,Neon Laboratories,Suppositories,Suppositories,80mg
Rectol 80,c1,Oct-28,5,,7.34,,Paracetamol Suppositories 80,BlissGvs,Suppositories,Suppositories,80mg
dulcoflex-childran,sc23057,sc23057,5,,43,,Bisacodyl Suppositories 5mg,Sanofi,Suppositories,Suppositories,5mg
Dulcoflex - Adult,SA25014,May-27,5,,44.78,,Bisacodyl Suppositories 10mg,Sanofi,Suppositories,Suppositories,10mg
JUSTIN 100,BLMP274012,Sep-26,5,,16.6,,Diclofenac Sodium Suppositories,Neon Laboratories,Suppositories,Suppositories,100mg
Caboprost,97126,Nov-26,5,,339.8,,Caboprost Tromethamine,Neon Laboratories,Injection,IM,1ml
OXYTOCIN,19307524,Nov-26,5,,17.79,,oxytocin,Karnataka Antibotics & Pharma,Injection,IM/IV,1ml
Artacil - 50,130405,Mar-26,5,,95.03,,Atracurum Besylate,Neon Laboratories,Injection,IV,5ml
Omnipaque,,,5,,,,Iohexol,GE Healthcare,Injection,IV,100ml
Bevac- B,220508,Dec-27,5,,82.7,,Hepatitis B Vaccine (rDNA),Biological E Limited,Vaccine,IM,1ml
LMWX 40,DESDD3025,Jul-27,5,,478.51,,Enoxoparin Sodium 40mg,Abbott,Injection,IM,.4ml
Tubervac,70351025,Oct-27,5,,116.74,,Bacillus calmette - Guerin Vaccine,Serum Institute of India Pvt ltd,Vaccine,IM,1ml
Vaxiflu 4,,,5,,,,Inactivated Influenza Vaccine (Split Virion),Zydus Healthcare,Vaccine,IM,.5ml
Heparin,AAC008AA,Aug-26,5,,118.77,,Heparin Sodium Injection,Biological E Limited,Injection,IV,5ml
Human Actrapid,B-70919,Oct-27,5,,181.39,,Solution Insulin,Torrent Pharma,Injection,IV/IM/SC,10ml
Human Mixtard,B-53166,Oct-27,5,,181.39,,Biphasic Isophane Insulin,Torrent Pharma,Injection,SC,10ml
Neorof,NA338049,Feb-27,5,,72.5,,Propofol,Neon Laboratories,Injection,IV,10ml
Mezolam,V305868,Jan-27,5,,66.25,,Midazolam,Neon Laboratories,Injection,IM/IV,10ml
Myostigmin,17318,May-26,5,,5.6,,neostigmine methylsulfate,Neon Laboratories,Injection,IM/IV,1ml
Myo-pyrolate,V350443,Jan-27,5,,136,,Glycopyrrolate neostigmine methylsulfate,Neon Laboratories,Injection,IV,5ml
Magneon,KP370178,May-26,5,,10.88,,Magnesium Sulphate ,Neon Laboratories,Injection,IM/IV,2ml 
Neovec,385412,Mar-27,5,,79.34,,Vecuronium Bromide,Neon Laboratories,Injection,IV,45mg
TT,A0123424,Feb-27,5,,13.23,,Tetanus Vaccine,Biological E Limited,Vaccine,IM,.5ml
Anawin Heavy,KP1713855,Apr-27,5,,33.57,,Bupivacaineb Hydrochloride in Dextrose,Neon Laboratories,Injection,,4ml
Rabivax-S,14850065,Apr-28,5,,404.55,,Rabies Vaccine,Serum Institute of India Pvt ltd,Vaccine,IM/ID,1ml
Buprigesic,45107,May-27,5,,30.2,,Buprenrphine Hydrochloride,Neon Laboratories,Injection,IM/IV,1ml
Sucol,SU248065,Aug-26,5,,54.7,,Succinylcholine,Neon Laboratories,Injection,IM/IV,10ml
NS 100ml,RNS24345,Nov-27,20,,19.16,,Sodium Chloride 100ml,Alkem Laboratories,IV Infusion,IV,100ml
Metro,2251543,Mar-28,20,,23.52,,Metronidazole,Otsuka Pharma,IV Infusion,IV,100ml
DNS,12536038,Jun-28,20,,43.53,,Sodium Chloride with Dextrose,Otsuka Pharma,IV Infusion,IV,500ml
5D,TD306A001,Mar-27,20,,42.53,,Dextrose Injection 5%,Puniska,IV Infusion,IV,500ml
NS 500ml,1252080,Apr-28,20,,39.72,,Sodium Chloride 500ml,Otsuka Pharma,IV Infusion,IV,500ml
NS 1000ml,TA504D027,Dec-26,20,,65.25,,Sodium Chloride 1000ml,Puniska,IV Infusion,IV,1000ml
NS 3000ml,CD44143,Jun-27,20,,590,,Sodium Chloride 3000ml,IHL Lifescience,IV Infusion,IV,3000ml
RL,1251523,Feb-28,20,,63.26,,Compound Sodium Lactate,Otsuka Pharma,IV Infusion,IV,500ml
10D,SC207A004,Feb-26,20,,34.93,,Dextrose Injection 10%,Puniska,IV Infusion,IV,500ml
Sterillium,ST3-25063,Jun-28,20,,958,,"2- Propanol, 1- propanol, mecetronium ethul Sulphate Solution",Raman and Well PVT Ltd,Hand wash Solution,Hand wash,500ml
Patient Legging S NW,LGNO-114,Aug-26,5,,125,,Patient Legging S NW,Care-On Healthcare,Theatre use,Theatre Use,1 Pair
C-ARM Cover,CL-SP1017,Nov-30,5,,150,,C- Arm Cover,Classic lab,Theatre Use,Theatre use,1 set of 3 pcs
Disposable Bed Sheet,12,Oct-30,20,,135,,Disposable Bed Sheet,0,Ward Use,Ward Use,1 Pcs
Mopping Pad,SAP006/25,Apr-28,10,,93,,Sterile X-Ray Detectable Abdominal ,The Ramaraju Surgical Cotton Mills,Theatre Use,Threate Use,1 pcs
NUPatch,CNB1028,Jun-27,10,,189.14,,Diclofenac Transdermal Patch 200mg,Zydus Healthcare,Patch,Normal,1pcs
UrgoTUL Ag/Silver,49997,May-27,10,,302,,Wound Dressing,Laboratories urgo,Patch,Normal,1 pcs
Medi Grip,491,Jul-30,10,,25,,Capsicum Plaster,Precision Coating,Patch,Normal,1 pcs
Bactigras,GS0535,Jun-26,5,,31.9,,Chlorhexidine gauze Dressing,Smith & Nephew Healthcare Pvt Ltd,Patch,Normal,1Pcs
Abgel ,80823,Jul-26,5,,126,,Abosorbable Gelatin Sponge ,Healthium Medtech Ltd,Patch,Normal,1 pcs
Hansaplast,3459411LM,Oct-27,5,,20,,Pain Relief Patch,Lion plaster Essity Operation Goa Ltd,Patch,Normal,1 pcs
Disposable Tie mask,5242,Feb-28,5,,30,,Mask,Common,Mask,Normal,1 pcs
Reusable Mask,,,5,,,,Mask,Venus,Mask,Normal,1pcs
Blue Disposable Mask,852,Mar-30,5,,5,,Mask,Common,Mask,Normal,1pcs
Smile Disposable Mask,654,Nov-30,5,,10,,Mask,Common,Mask,Normal,1pcs
Gauze Swabs,10,Oct-30,5,,65,,Gauze Swabs,Sri sai Surgicals,Gauze,Normal,1 Pcs
Gauze Swabs,,,5,,,,Gauze Swabs,Vijaya product,Gauze,Normal,1 Pcs
Silver Pad Ag Fix Ultramax,mfgmd2020,Oct-27,5,,418,,Super Absorbent Hydrophilic Farm,Dynamic Techno Medical,Patch,Normal,1 pcs
Open weave bandage,owb009/25,May-28,5,,864,,Gauze   ,The Ramaraju Surgical Cotton Mills,Gauze,Normal,1pcs
3M Transpore 1/2 inch,r09240526,Aug-29,5,,96,,Adhesive Tape 1/2 inch,3M Pvt Ltd,Tape,Normal,1 pcs
3M Micropore 1/2 inch,r11240502,Oct-29,5,,61,,Adhesive Tape 1/2 inch,3M Pvt Ltd,Tape,Normal,1 pcs
3M Transpore 1 inch,r04251135,Mar-30,5,,213,,Adhesive Tape 1 inch,3M Pvt Ltd,Tape,Normal,1 pcs
Medi Tape 1/2 inch,,,5,,,,Adhesive Tape 1/2 inch,3M Pvt Ltd,Tape,Normal,1 pcs
Absorbent Cotton 50gm,ac093/23,Jun-26,5,,55,,Cotton,The Ramaraju Surgical Cotton Mills,Cotton,Normal,50gm
Absorbent Cotton 400gm,ac041/24,Feb-27,5,,347,,Cotton,The Ramaraju Surgical Cotton Mills,Cotton,Normal,400gm
Absorbent Cotton 25gm,ac099/23,Jun-26,5,,29,,Cotton,The Ramaraju Surgical Cotton Mills,Cotton,Normal,25gm
Casting tape - Novacast - pink,27230224,Jan-27,5,,1150,,Fiberglass Cast,Dynamic Techno Medical,POP,Normal,1 pcs
Casting tape - Novacast - Blue,25140823,Jul-26,5,,700,,Fiberglass Cast,Dynamic Techno Medical,POP,Normal,1 pcs
Bandage 10cm,IHC-A-01,Jun-29,5,,45,,Surgical Dressing Cloth 10cm*3m,Inbam healthcare,Cotton Cloth,Normal,1 pcs
Bandage 15cm,IHC-A-01,Sep-29,5,,45,,Surgical Dressing Cloth 15cm*3m,Inbam healthcare,Cotton Cloth,Normal,1 pcs
Bandage 15cm large,G-07,Sep-30,5,,32,,Surgical Dressing Cloth 15cm*10m,Inbam healthcare,Cotton Cloth,Normal,1 pcs
Orthopaedic bandage 15cm,TB1514,Mar-29,5,,289,,Soft Roll,Dynamic Techno Medical,Soft roll,Normal,1 pcs
Orthopaedic bandage 10cm,TB1003,Mar-29,5,,199,,Soft Roll,Dynamic Techno Medical,Soft roll,Normal,1 pcs
Gypsona 10cm,23NO91,Aug-29,20,,218,,Plaster of Paris,Essity,Pop,Normal,1 pcs
Top Cast 15cm,ND2505045,Apr-30,20,,255,,Plaster of paris,Dynamic Techno Medical,Pop,Normal,1 pcs
Sterizone ST91,4150-012,Jul-27,20,,315,,Silver pad 9cm*25cm,Dynamic Techno Medical,Dressing pad,Normal,1 Pcs
STERIZON ST 87,ST870-0623,May-26,20,,160,,Silver pad 9cm*15cm,Dynamic Techno Medical,Dressing pad,Normal,1 Pcs
Sterizone ST86,4150-007,Mar-28,20,,130,,Silver pad 9cm*10cm,Dynamic Techno Medical,Dressing pad,Normal,1 Pcs
Sterizone ST82,4150-003,Nov-27,20,,98,,Silver pad 5cm*7cm,Dynamic Techno Medical,Dressing pad,Normal,1 Pcs
Sterizone ST1,4158-003,Jun-28,20,,75,,Easy FixSilver pad 7cm*8.5cm,Dynamic Techno Medical,Dressing pad,Normal,1 Pcs
Icoll - matrix,SS250510,Apr-29,20,,240,,Dry Absorbable Collagen Sheets,iwound  Global Pvt Ltd,Dressing pad,Normal,1 Pcs
I coll powder,MS2010214,Jan-27,20,,350,,Bioactive Collagen Particles,iWound Global Pvt Ltd,Dressing particles/ Powder,Normal,1 Pcs
Winset Infusion Set,W/152/20024,Jan-28,20,,190,,IV Set,Meditubes Medical aids,IV Infusion set,IV,1 pcs
Blood Infusion Set,G23J020703,Sep-28,20,,194,,Blood IV Set,Romsons,Blood Infusion Set,Blood IV,1 pcs
Dispovan Insulin Syringe 1ml ,535012G,Jul-30,20,,12.1,,1 ml syringe,Hindustan Syringe & Medical Devices Ltd,Syringe,Syringe,1 pcs
Dispovan Insulin Syringe 3ml ,535031NE1,Jul-30,20,,10.45,,3 ml syringe,Hindustan Syringe & Medical Devices Ltd,Syringe,Syringe,1 pcs
Dispovan Insulin Syringe 5ml ,427055JL2,Jun-29,20,,10,,5 ml syringe,Hindustan Syringe & Medical Devices Ltd,Syringe,Syringe,1 pcs
Dispovan Insulin Syringe 10ml ,535106MB1,Jul-30,20,,14.3,,10 ml syringe,Hindustan Syringe & Medical Devices Ltd,Syringe,Syringe,1 pcs
Dispovan Insulin Syringe 20ml ,518203DJH2,Mar-30,20,,30,,20 ml syringe,Hindustan Syringe & Medical Devices Ltd,Syringe,Syringe,1 pcs
Dispovan Insulin Syringe 50ml ,401505WJR1,Dec-28,20,,55.5,,50 ml syringe,Hindustan Syringe & Medical Devices Ltd,Syringe,Syringe,1 pcs
BD venflon 18G,3298879,Sep-28,20,,150,,Venflon 18G,becton Dickinson Infusion Therapy,Venflon,One Way Venflon,1 pcs
BD venflon 22G,4345923,Nov-29,20,,150,,Venflon 22G,becton Dickinson Infusion Therapy,Venflon,One Way Venflon,1 pcs
BD venflon 24G,,,20,,,,Venflon 24G,becton Dickinson Infusion Therapy,Venflon,one Way Venflon,1 pcs
BD Neoflon 26G,4055342P64,Feb-27,20,,379,,Venflon 26G,becton Dickinson Infusion Therapy,Venflon,One way Venflon,1 pcs
Easy- Vein 24G,3F124/23EM1,Apr-28,20,,150,,Venflon 20G,becton Dickinson Infusion Therapy,Venflon,One Way Venflon,1 pcs
Easy- Vein 22G,3F12/23EL9,Apr-28,20,,150,,Venflon 20G,becton Dickinson Infusion Therapy,Venflon,One Way Venflon,1 pcs
Easy- Vein 20G,3F120/23EL8,Apr-28,20,,150,,Venflon 20G,becton Dickinson Infusion Therapy,Venflon,One Way Venflon,1 pcs
Easy- Vein 18G,3F118/23FF6,Apr-28,20,,150,,Venflon 20G,becton Dickinson Infusion Therapy,Venflon,One Way Venflon,1 pcs
Mediflex 23G,4310012,Jun-28,20,,188,,Venflon 23G,MediFlex,Venflon,Three way Venflon,1 pcs
Dispovan Needle 20G,47412L,Oct-29,20,,2.6,,Needle 20G,Hindustan Syringe & Medical Devices Ltd,Needle,Single Use Hypodermic Needle,1 Pcs
Dispovan Needle 24G,02543C,Dec-29,20,,2.6,,Needle 24G,Hindustan Syringe & Medical Devices Ltd,Needle,Single Use Hypodermic Needle,1 Pcs
Dispovan Needle 18G,55340,Dec-29,20,,3.3,,Needle 18G,Hindustan Syringe & Medical Devices Ltd,Needle,Single Use Hypodermic Needle,1 Pcs
BD Precision Glide Needle,1106949,Apr-26,10,,4,,Needle 26G,BD,Needle,Needle,1 Pcs
Betadine 500ml,ME01025,Apr-27,10,,252,,Povidone Iodine Solution 500ml,Win Medicare,Povidone Solution,Povidone solution,500ml
Betadine  Gargle 2% Mint Flavour 100ml,PJ0634,Jan-26,10,,304,,Povidone Iodine Solution 100ml,Win Medicare,Povidone Solution,Povidone solution,100ml
Cipladine,N0240654,Jul-26,10,,48.16,,Povidone Iodine Solution 100ml,Cipla,Povidone Solution,Povidone solution,100ml
Cutaprep PV,250342,Feb-27,10,,48,,Povidone Iodine Solution 100ml,PSK Pharma Pvt Ltd,Povidone Solution,Povidone solution,100ml
Surgical Scrub ,RD5250805,1-Apr,10,,536.75,,Skin Antiseptic Solution ,3M Pvt Ltd,Scrub Solution,Skin Antiseptic Solution,500ml
Surgical Spirit 400ml,408,Jan-27,10,,230,,Surgical Spirit 400ml,Medismith Pharma and lab,Spirit,Spirit,400ml
Surgical Spirit 100ml,1785,Feb-26,10,,80,,Surgical Spirit 100ml,Kakatiya Pharma,Spirit,Spirit,100ml
Sosrane Liquid for Inhalation,KPNP700046,Apr-29,10,,2577,,Isoflurane,Neon Laboratories,Anaesthetic Solution,Theatre Use,250ml
Hydrogen Peroxide 100ml,H-760,Apr-27,10,,32,,Hydrogen Peroxide 100ml,PRS Pharma,Hydrogen Peroxide Solution,OP Use,100ml
Tubular Elastic Net Fixator,PEN030-0925,Aug-30,10,,245,,Easy Net,Dynamic Techno Medical,Net fixator,OP Use,4cm*3.1m
KIYAN pore Micropore surgical Tape 5cm,Kk12405,May-27,10,,141.66,,Micrporous surgical tape 5cm,KIYAN INTERNATIONAL,Tape,Normal,5cm * 9.1m
Lox 2% jelly,L1142,May-26,10,,37.95,,Lignocaine Hydrochloride Gel,Neon Laboratories,Gel,External,30gm
Surgicare Gloves 6.0,25F103,May-30,38,20,50,1 PAIR,Sterile Latex Surgical Gloves Powder 6.0,Kanam latex Industries,Gloves,Powdered Gloves,1 pair
Surgicare Gloves 6.5,24B716,Oct-30,44,17,50,1 PAIR,Sterile Latex Surgical Gloves Powder 6.5,Kanam latex Industries,Gloves,Powdered Gloves,1 pair
Surgicare Gloves 7.0,2K5152,Oct-30,119,20,50,1 PAIR,Sterile Latex Surgical Gloves Powder 7.0 ,Kanam latex Industries,Gloves,Powdered Gloves,1 pair
Surgicare Gloves 7.5,24A3024M,Dec-28,117,17,50,1 PAIR,Sterile Latex Surgical Gloves Powder 7.5,Kanam latex Industries,Gloves,Powdered Gloves,1 pair
Surgicare Gloves 8.0,23K3027,Aug-28,123,17,50,1 PAIR,Sterile Latex Surgical Gloves Powder 8,Kanam latex Industries,Gloves,Powdered Gloves,1 pair
Truepoly Pf,21080302,Jul-26,44,38,105,1 PAIR,Truepoly Pf,Healthium Medtech Ltd,Gloves,Powdered  Free Gloves,1 Pair
Soft Hand Gloves,2AR002,Mar-28,1,,1710,,Nitrile Disposable Gloves,Medipride Pvt Ltd,Gloves,Normal,I Box
Soft Hand Gloves,8368,Jun-30,1,,1620,,Disposable Gloves,Medipride Pvt Ltd,Gloves,Normal,1 box
Cidex,GCA24202,Oct-26,1,,1310,,Activated Glutaraldehyde,ASP India Pvt ltd,Solution,Theatre Use,1 bottle
Dia Med ultrasound Gel,998,Oct-26,1,,1050,,Scan gel,Sakthi Mediwin India,Gel,Normal,1 bottle
Catheter Kit 14 Number,,,1,,,,Cathether Kit,Dinesh Textiles,Theatre package,Theatre Use,1 Package
Disposable Surgeon Gown,,,10,,,, Surgeon Gown,Care-On Healthcare,Theatre package,Theatre Use,1 Package
Formaldehype Solution ,,,1,,,,Formaldehype solution,Pharmssan,Theatre package,Theatre Use,1 Bottle
Bio Tab Formalin Tablet,,,5,, ,,Formalin tablet,Chemico Pharma,Theatre Package,Theatre Use,1 Box
Bupicain,BPC25002,Feb-27,2,,98.78,,Bupivacaine Hydrovchloride,Themis Medicare,Theatre Use,Theatre Use,1 bottle
Uro Bag ,,,10,,,,Urine Collection Bag,Romsons Group Private ltd,catheter Usage,Normal,I pack
Romo Drain,,,10,,,,Drainage system bag,Romsons Group Private ltd,catheter Usage,Normal,1 Package
Respirometer,,,10,,,,Incentive Spirometer,Romsons Group Private ltd,Respiratory,Normal,1 Box 
Knee Wrap Hinged XXL, ,,,,,,Knee wrap Hinged,Tynor Orthotics pvt ltd,Ortho Support,Normal,1 Box XXL
Knee Wrap Hinged XL,11511929,Jan-28,2,1775,1775,1,Knee wrap Hinged,Tynor Orthotics pvt ltd,Ortho Support,Normal,1 Box XL
Knee Wrap Hinged L,1187218,May-30,1,1775,1830,1,Knee wrap Hinged,Tynor Orthotics pvt ltd,Ortho Support,Normal,1 Box L
Knee Wrap Hinged M,1140563,Oct-29,1,976,1775,1,Knee wrap Hinged,Tynor Orthotics pvt ltd,Ortho Support,Normal,1 Box M
Knee Wrap Hinged M,1154680,Aug-28,1,976,1775,1,Knee wrap Hinged,Tynor Orthotics pvt ltd,Ortho Support,Normal,1 Box M
Knee Wrap Hinged s,1141306,Oct-29,2,976,1775,1,Knee wrap Hinged,Tynor Orthotics pvt ltd,Ortho Support,Normal,1 Box  S
Pouch Arm Sling Baggy XXL,,,,,,,Arm Sling Tynor Cure,Tynor Orthotics pvt ltd,Ortho Support,Normal,1 Box XXL
Pouch Arm Sling Baggy XL,1177505,Feb-29,1,481,481,1,Arm Sling Tynor Cure,Tynor Orthotics pvt ltd,Ortho Support,Normal,1 Box XL
Pouch Arm Sling Baggy L,1193394,Sep-30,1,481,481,1,Arm Sling Tynor Cure,Tynor Orthotics pvt ltd,Ortho Support,Normal,1 Box L
Pouch Arm Sling Baggy M,1143159,Jan-29,1,470,470,1,Arm Sling Tynor Cure,Tynor Orthotics pvt ltd,Ortho Support,Normal,1 Box M
Pouch Arm Sling Baggy M,1177149,Feb-28,1,481,481,1,Arm Sling Tynor Cure,Tynor Orthotics pvt ltd,Ortho Support,Normal,1 Box M
Pouch Arm Sling Baggy S,1166324,Jan-29,1,265,470,1,Arm Sling Tynor Cure,Tynor Orthotics pvt ltd,Ortho Support,Normal,1 Box S
Tynor Abdominal Belt XXL,,,,,,,Abdominal Belt ,Tynor Orthotics pvt ltd,Ortho Support,Normal,1 Box XXL
Tynor Abdominal Belt XL,,,,,,,Abdominal Belt Tynor Cure,Tynor Orthotics pvt ltd,Ortho Support,Normal,1 Box XL
Tynor Abdominal Belt L,1178018,Feb-30,1,938,938,1,Abdominal Belt Tynor Cure,Tynor Orthotics pvt ltd,Ortho Support,Normal,1 Box L
Tynor Abdominal Belt M,1197286,Dec-29,1,938,938,1,Abdominal Belt Tynor Cure,Tynor Orthotics pvt ltd,Ortho Support,Normal,1 Box M
Tynor Abdominal Belt S,1191673,Jul-30,1,938,938,1,Abdominal Belt Tynor Cure,Tynor Orthotics pvt ltd,Ortho Support,Normal,1 Box S
Contour Plus Monitor,,,,,,,Glucometer,PT PHC  Indonesia,Glucometer,Normal,1 Box Includes 25 Strip
Contour Plus Strip,,,,,,,Glucometer strip ,PT PHC  Indonesia,Glucometer,Normal,1 Box with 25 strips
Tynor Finger Cot,140367,Jul-28,1,90,155,1,Finger Cot,Tynor Orthotics pvt ltd,Ortho Support,Normal,1 Box
Tynor Cure Bunion Splint,164548,Dec-28,2,380,575,1,Bunion  Splint,Tynor Orthotics pvt ltd,Ortho Support,Normal,1 Box
Tynor Wrist Brace with Double Lock M,10796561,May-30,2,103.95,165, ,Wrist Brace M,Tynor Orthotics pvt ltd,Ortho Support,Normal,1 Box M
Tynor Wrist Brace with Double Lock L,1075982,Oct-29,3,103.95,165,1,Wrist Brace L,Tynor Orthotics pvt ltd,Ortho Support,Normal,1 Box L
Tynor Wrist Brace with Double Lock S,1078481,May-30,3,103.95,165,1,Wrist Brace S,Tynor Orthotics pvt ltd,Ortho Support,Normal,1 Box S
Tynor Elbow Support S,1077284,Sep-30,1,132.03,210,1,Elbow Support S,Tynor Orthotics pvt ltd,Ortho Support,Normal,1 Box S
Tynor Elbow Support L,1117848,Sep-30,1,151.02,240,1,Elbow Support L,Tynor Orthotics pvt ltd,Ortho Support,Normal,1 Box L
Tynor Elbow Support XL,,,,,,,Elbow Support XL,Tynor Orthotics pvt ltd,Ortho Support,Normal,1 Box XL
Tynor Leg Traction Brace L,1085982,May-29,1,378,600,1,Leg Traction Brace,Tynor Orthotics pvt ltd,Ortho Support,Normal,1 Box L
Tynor Leg Traction Brace M,1090942,May-29,1,378,600,1,Leg Traction Brace,Tynor Orthotics pvt ltd,Ortho Support,Normal,1 Box M
"Tynor Knee Immobilizer 22"" L",1142708,Apr-28,1,1580,1580,1,Knee Mobilzer,Tynor Orthotics pvt ltd,Ortho Support,Normal,1 Box L
"Tynor Knee Immobilizer 22"" M",1146016,Apr-30,1,1580,1580,1,Knee Mobilzer,Tynor Orthotics pvt ltd,Ortho Support,Normal,1 Box M
"Tynor Knee Immobilizer 22"" XL",1056141,Feb-27,1,1070,1070,1,Knee Mobilzer,Tynor Orthotics pvt ltd,Ortho Support,Normal,1 Box XL
"Tynor Knee Immobilizer 19"" XL",1121765,Oct-28,1,1220,1220,1,Knee Mobilzer,Tynor Orthotics pvt ltd,Ortho Support,Normal,1 Box XL
"Tynor Knee Immobilizer 19"" L",1104799,Jan-29,1,1220,1220,1,Knee Mobilzer,Tynor Orthotics pvt ltd,Ortho Support,Normal,1 Box L
"Tynor Knee Immobilizer 19"" S",,,,,,,Knee Mobilzer,Tynor Orthotics pvt ltd,Ortho Support,Normal,1 Box S
Trunativ Sugar Replacer,ES/198/150,Jul-28,1,195,299,1,Natural Sugar Replacer,Tru Native F7B pvt Ltd,Consumables,Normal,1 Box 
TriCofix,244308183,Sep-29,1,143,237,1,Plaster    7.5cm * 1.5 cm,KOB Medical textiles Pvt Ltd,Tapes,Normal,1 Box
Tynor Medical Compression Stockings XXL,1100058,Mar-30,1,2095,2095,1,Medical Compression stockings,Tynor Orthotics pvt ltd,Ortho Support,Wearable,1 Box XXL
Tynor Medical Compression Stockings L,1100172,Sep-29,1,2095,2095,1,Medical Compression stockings,Tynor Orthotics pvt ltd,Ortho Support,Wearable,1 Box L
Tynor Medical Compression Stockings M,1130762,Mar-29,1,2095,2095,1,Medical Compression stockings,Tynor Orthotics pvt ltd,Ortho Support,Wearable,1 Box M
Tynor Medical Compression Stockings S,1165054,Mar-29,1,2155,2155,1,Medical Compression stockings,Tynor Orthotics pvt ltd,Ortho Support,Wearable,1 Box XL
Tynor Medical Compression Stockings S,1127224,Mar-29,1,2095,2095,1,Medical Compression stockings,Tynor Orthotics pvt ltd,Ortho Support,Wearable,1 Box XL
Tynor Elastic Shoulder immobilizer S,1142849,Mar-29,1,1080,1080,1,Elastic Shoulder Immobilizer ,Tynor Orthotics pvt ltd,Ortho Support,wearable,1 Box S
Tynor Elastic Shoulder immobilizer XL,1159276,Mar-29,1,680,1060,1,Elastic Shoulder Immobilizer ,Tynor Orthotics pvt ltd,Ortho Support,wearable,1 Box XL
Tynor Elastic Shoulder immobilizer M,1164256,Mar-29,1,1080,1080,1,Elastic Shoulder Immobilizer ,Tynor Orthotics pvt ltd,Ortho Support,wearable,1 Box M
Tynor Hot and Cold pack,,,,,,,Hot and cold pack,Tynor Orthotics pvt ltd,Ortho Support,Wearable,1 Box Unisex
Tynor Cure Shoulder Support,1134537,Mar-29,1,783,1305,1,Shoulder support,Tynor Orthotics pvt ltd,Ortho Support,Wearable,1 Box Unisex
Tynor Cure carvical Collar Soft with Support S,1191304,Aug-29,2,426,426,1,Cervical Collar Support,Tynor Orthotics pvt ltd,Ortho Support,Wearable,1 box S
Tynor Cure carvical Collar Soft with Support XL,1032713,Feb-29,1,330,330,1,Cervical Collar Support,Tynor Orthotics pvt ltd,Ortho Support,Wearable,1 box XL
Tynor carvical Collar Soft with Support L,1164524,Mar-30,1,415,415,1,Cervical Collar Support,Tynor Orthotics pvt ltd,Ortho Support,Wearable,1 box L
Tynor Cure Elastic wrist Splint XL RT,1172543,Sep-29,1,410,410,1,Elastic Wrist Splint,Tynor Orthotics pvt ltd,Ortho Support,Wearable,1 Box XL RT
Tynor Cure Elastic wrist Splint M LF,1198218,Sep-29,1,421,421,1,Elastic Wrist Splint,Tynor Orthotics pvt ltd,Ortho Support,Wearable,1 Box M LF
Tynor Cure Elastic wrist Splint L LF,1169990,Sep-29,1,410,410,1,Elastic Wrist Splint,Tynor Orthotics pvt ltd,Ortho Support,Wearable,1 Box L LF
Tynor Elastic wrist Splint XL LF,1083565,Aug-29,1,225,380,1,Elastic Wrist Splint,Tynor Orthotics pvt ltd,Ortho Support,Wearable,1 Box XL LF
Tynor Elastic wrist Splint M RT,1122514,Mar-29,2,395,395,1,Elastic Wrist Splint,Tynor Orthotics pvt ltd,Ortho Support,Wearable,1 Box M RT
Tynor Elastic wrist Splint S LF,1163006,Mar-29,1,410,410,1,Elastic Wrist Splint,Tynor Orthotics pvt ltd,Ortho Support,Wearable,1 Box M RT
Tynor Elastic wrist Splint S RT,1164231,Mar-29,1,410,410,1,Elastic Wrist Splint,Tynor Orthotics pvt ltd,Ortho Support,Wearable,1 Box M RT
Tynor Cure Elastic wrist Splint L RT,1162431,Mar-29,1,410,410,1,Elastic Wrist Splint,Tynor Orthotics pvt ltd,Ortho Support,Wearable,1 Box L RT
Tynor Cure Knee Cap M,33100123,Feb-29,1,419,419,1,Knee cap,Tynor Orthotics pvt ltd,Ortho Support,Wearable,1 Box M
Tynor Cure Knee Cap L,31000182,Mar-29,1,419,419,1,Knee Cap,Tynor Orthotics pvt ltd,Ortho Support,Wearable,1 Box L
Tynor Knee Cap S,1104419,Apr-29,2,385,385,1,Knee Cap,Tynor Orthotics pvt ltd,Ortho Support,Wearable,1 Box S
Tynor Knee Cap XL,,,,,,,Knee Cap,Tynor Orthotics pvt ltd,Ortho Support,Wearable,1 Box XL
Tynor Knee Cap XXL,,,,,,,Knee Cap,Tynor Orthotics pvt ltd,Ortho Support,Wearable,1 Box XXL
Tynor Thumb Spica Splint,,,,,,,Thumb Spica Splint,Tynor Orthotics pvt ltd,Ortho Support,Wearable,1 Box 
TopCrepe 15cm,ND251085-07255,Jun-30,3,110,455,1,Cotton crepe bandage 15cm,Neptune Orthopaedics,Ortho Support,Dressing,1 Box
TopCrepe 10cm,,,,,,,Cotton crepe bandage 10cm,Neptune Orthopaedics,Ortho Support,Dressing,1 Box
Tynor Ankle binder M,1191756,Aug-30,2,192.105,344,1,Ankle Binder M,Tynor Orthotics pvt ltd,Ortho Support,Wearable,1 Box M
Tynor Ankle binder M,1125860,Aug-30,1,192.05,305,1,Ankle Binder M,Tynor Orthotics pvt ltd,Ortho Support,Wearable,1 Box M
Tynor Ankle binder S,1192523,Jul-32,1,344,344,1,Ankle Binder S,Tynor Orthotics pvt ltd,Ortho Support,Wearable,1 Box S
Tynor Ankle binder L,1167447,Feb-28,1,192.15,305,1,Ankle Binder L,Tynor Orthotics pvt ltd,Ortho Support,Wearable,1 Box L
Tynor Ankle binder XL,1141566,Apr-30,2,305,305,1,Ankle Binder XL,Tynor Orthotics pvt ltd,Ortho Support,Wearable,1 Box XL
Vissco Contoured LS Belt S,3103NS,Jun-30,1,564,940,1,Lumvbar Spine Support XL,Vissco Rehabilitation Aids Pvt Ltd,Ortho Support,Wearable,1 Box XL
Vissco Contoured LS Belt M,310304525,May-30,2,564,940,1,Lumvbar Spine Support XL,Vissco Rehabilitation Aids Pvt Ltd,Ortho Support,Wearable,1 Box XL
Vissco Contoured LS Belt L,310309425,Apr-30,1,564,940,1,Lumvbar Spine Support XL,Vissco Rehabilitation Aids Pvt Ltd,Ortho Support,Wearable,1 Box XL
Vissco Contoured LS Belt XL,3103NXL,Apr-30,1,885,885,,Lumvbar Spine Support XL,Vissco Rehabilitation Aids Pvt Ltd,Ortho Support,Wearable,1 Box XL
Vissco Contoured LS Belt XXL,310309425,Apr-30,1,564,940,,Lumvbar Spine Support XL,Vissco Rehabilitation Aids Pvt Ltd,Ortho Support,Wearable,1 Box XL
Tynor Cure Lumbo Sacral Belt S,1194118,Apr-30,1,1087,1087,1,Lumbo sacral Belt,Tynor Orthotics pvt ltd,Ortho Support,Wearable,1 Box S
Tynor Cure Lumbo Sacral Belt M,1163429,Apr-29,1,1125,1125,1,Lumbo sacral Belt,Tynor Orthotics pvt ltd,Ortho Support,Wearable,1 Box M
Tynor Lumbo Support Uni,1158222,Aug-30,2,1200,1200,1,Lumbo Support,Tynor Orthotics pvt ltd,Ortho Support,Wearable,1 Box Unisex
Tynor Lumbo Support Uni,1143272,Apr-29,1,1200,1200,1,Lumbo Support,Tynor Orthotics pvt ltd,Ortho Support,Wearable,1 Box Unisex
Atarax Powder,DRCL24114,Apr-26,1,149,149,1,Anti Itch+ Anti Fungal,Dr Reddy laboratories Ltd,Powder,100g,1 bottle
Fenlong Pain relief Spray,B030,Jul-28,2,89.29,125,1,Diclofenac Diethylamine Linseed oil Methyl Salicylate & Methonal Spray,SKN Organics pvt ltd,Spray,50g,1 bottle
Fenlong Pain relief Spray,B032,Aug-27,9,89.29,125,1,Diclofenac Diethylamine Linseed oil Methyl Salicylate & Methonal Spray,SKN Organics pvt ltd,Spray,50g,1 bottle
Plus +,B004,Aug-26,2,107.14,150,1,Povidone Iodine Spray,SKN Organics pvt ltd,Spray,40g,1 bottle
Plus +,B05,Oct-29,11,107.14,150,1,Povidone Iodine Spray,SKN Organics pvt ltd,Spray,40g,1 bottle
Cetaphil Baby Shampoo,2301100,Jul-25,1,464.41,685,1,Gentle Wash baby Shampoo,Galderma India Pvt Ltd,Shampoo,230ml,1 Bottlr
Cetaphil Baby Skin Cleaner ,B5NA143,Jan-28,2,290.85,429,1,Gentle Skin Cleaner Lotion,Galderma India Pvt Ltd,Lotion,125ml,1 Bottlr
Cetaphil Baby Skin Cleaner ,B5NA607,May-28,2,290.85,429,1,Gentle Skin Cleaner Lotion,Galderma India Pvt Ltd,Lotion,125ml,1 Bottlr
Lactare,TLE25023,May-27,2,371.43,520,1,,,,,
Galact Lactation granules,RES4GE5084,Jun-28,1,570.67,799,1,Lactation granules,Emcure pharma,powder,400g,1 Bottle
Cetaphil Baby Soap,,,,,,,Mild Bar Baby Soap,Galderma India Pvt Ltd,Soap,100g,1 Box
Aloe Lush Cream,AL15,Jun-27,5,140.63,186,1,"Aloe vera, Shea Butter, Honey, Vutamine E Cream",Sangrose Laboratories,Lotion,50g, 1 tube
Himalaya Happy Baby Gift Pack,452500236,Mar-27,1,650,970,1,"shampoo, cream, Diaper rash Cream, Soap, massage oil, powder, baby wipes",Himalaya Wellness Company,Gift Pack,Gift Pack,Gift Pack
Health Shine Water Bed,906153,Dec-30,1,1560,2990,1,Water Bed,Healthshine India Pvt Ltd,Product,1 Pcs,1 Pcs
Romsons Air B Pro Bed,G25H010340,Oct-30,1,1952.38,1952.38,1,Air Bed,Romsons Group Private ltd,Product,1 pcs,1 Pcs
Omron Blood pressure Monitor,3000256,Oct-30,1,1750,1750,1,Blood pressure Monitor,Omron healthcare Ltd,Product,1 pcs,1 Box
Beurer Blood Pressure Monitor,2024JII,Oct-30,1,1771,1771,1,Blood pressure Monitor,Beurer India Pvt Ltd,Product,1 pcs,1 Box
Healthshine Compressor Nebulizer,N161124,Oct-30,1,1900,1900,1,Nebulizer,Omron healthcare Ltd,Product,1 pcs,1 box
Carefree Large,D3250321,Sep-27,1,150,150,1,Napkin,JNTL Consumer Health Pvt Ltd,Napkin,Wearable,1 Pack
NewMOM Maternity sanitray Pad,MXPO55-1223,Nov-28,1,144.5,182,1,Maternity Sanitary Pad,Dynamic Techno Medical,Napkin,Wearable,1 Pack
NewMOM Maternity sanitray Pad,MXPO55-1224,Nov-29,1,144.5,184,1,Maternity Sanitary Pad,Dynamic Techno Medical,Napkin,Wearable,1 Pack
Whisper Panties M-L,AABCP0314L-22,Jun-28,1,299,299,1,Period panty M-L,Parakh Agro,Napkin,Wearable,1 pack
Whisper Ultra XL,5315838300,Nov-27,4,65,65,1,Napkin,Parakh Agro,Napkin,Wearable,1 pack
Whisper Ultra XL,7299D848K4,Oct-27,1,380,380,1,Napkin,Parakh Agro,Napkin,Wearable,1 pack
Whisper Choice XXL,51970576,Jul-27,4,55,55,1,Napkin,Parakh Agro,Napkin,Wearable,1 pack
Whisper Choice XXL,52800576,Oct-27,7,55,55,1,Napkin,Parakh Agro,Napkin,Wearable,1 pack
Whisper Choice XL,52710576,Sep-27,5,45,45,1,Napkin,Parakh Agro,Napkin,Wearable,1 pack
Pampers Baby,AABCU0113A-22,May-28,1,222.66,299,1,Pampers,Pampers,Diaper,Wearable,1 Pack
Lifree Extra Absorb M2,AADCR3391M22,Jul-28,7,103.1,110,1,Diapers,Lifree,Diaper,Wearable,1 pack
Lifree Extra Absorb XL,1AP1,Jan-28,5,535.71,535.71,1,Diapers,Lifree,Diaper,Wearable,1 pack
mamypoko Pants M,A010P,Jan-28,11,28.13,30,1,Diapers,Mamypoko pants,Diaper,Wearable,1 pack
mamypoko Pants NB (New Born), B070P,Feb-27,1,17.86,20,1,Diapers,Mamypoko pants,Diaper,Wearable,1 pack
AVM Bed Bath Wipes,BB32C42,Mar-27,6,48,110,1,Wet Wipes,AVM kamal Health care,Wipes,Usable,1 Pack
AVM Bed Bath Wipes,BB32C43,Sep-28,5,48,110.5,1,Wet Wipes,AVM kamal Health care,Wipes,Usable,1 Pack
Dyna  Disposable Underpad,DY559L80-0625,May-30,95,160,160,10,Disposable underpads,Welso Life Pvt ltd,Underpad,Usable,1 pack
Baby mat,,,,,,,Small Size underpad,Dinesh Textiles,Underpad,Usable,1 pack
Pre Operative kit,1,Jan-29,17,102,200,1 COMBO,"Patient gown,Leggings, Buoffant Cap",Dinesh Textiles,Patient gown,Wearable,1 pack
Lscs Kit,1,Jan-29,4,556,960,1 COMBO,"Surgeon Gown, Hand Towel, A sheet, Trolley Sheet, Side towel, mopping pad, Under pad, wrapper",Dinesh Textiles,Patient gown,Wearable,1 Package
Trusynth Fast,E250296,Feb-30,10,229.2,382,1,"1mm,35mm, 1/2 Circle Surgical Suture",Healthium Medtech Ltd,Surgical,Suture Material,1 pack
Trugut 2.0,A 250021,Dec-29,12,130.2,217,1,"76cm, 30mm,1/2circle Surgical Suture Round bodied",Healthium Medtech Ltd,Surgical,Suture Material,1 pack
Trugut 2.0,A 250107,Jan-30,8,130.2,217,1,"76cm, 30mm,1/2circle Surgical Suture Round bodied",Healthium Medtech Ltd,Surgical,Suture Material,1 Pack 
Trugut .0,A 250024,Dec-29,12,130.2,217,1,"76cm, 40mm,1/2 Circle Surgical Surgical Suture Round Bodied Heavy",Healthium Medtech Ltd,Surgical,Suture Material,1 pack
Trugut .0,A 230436,Jun-26,7,130.2,217,1,"76cm, 40mm,1/2 Circle Surgical Surgical Suture Round Bodied Heavy",Healthium Medtech Ltd,Surgical,Suture Material,1 pack
Trugut .0,A 250161,Jan-30,14,130.2,217,1,"76cm, 40mm,1/2 Circle Surgical Surgical Suture Round Bodied Heavy",Healthium Medtech Ltd,Surgical,Suture Material,1 pack
Trugut .1,A 250164,Jan-30,10,130.2,217,1,"76cm, 40mm,1/2 Circle Surgical Surgical Suture Round Bodied Heavy",Healthium Medtech Ltd,Surgical,Suture Material,1 pack
1 Vicryl Plus,T 4043,Jul-29,4,229.2,,,90 cm TABERPOINT  VP 2347,Johnson & Johnson Pvt ltd,Surgical,Suture Material,1 pack
1 Vicryl Plus,T 4001,Jan-29,6,229.2,,, 90 cm TABERPOINT VP  2319(OP),Johnson & Johnson Pvt ltd,Surgical,Suture Material,1 pack
Ethicon Monocryl 3-0,T 5022,Dec-29,10,229.2,,,70 cm 3/8 circle Conventional Cutting,Johnson & Johnson Pvt ltd,Surgical,Suture Material,1 pack
0 Vicryl Plus,T 4007,Jul-29,7,229.2,,,90 cm TABERPOINT VP 2346,Johnson & Johnson Pvt ltd,Surgical,Suture Material,1 pack
4 Vicryl plus Rabide,T 3012,Aug-26,9,,,,45 cm Cutting NW 2718,Johnson & Johnson Pvt ltd,Surgical,Suture Material,1 pack
Ethicon Ethilon 2-0,V 4009,Feb-29,13,,,,"70 cm, 3/8  circle Reverse cutting NW 3336 P",Johnson & Johnson Pvt ltd,Surgical,Suture Material,1 pack
Ethicon Ethilon 2-0, V 5032,Apr-30,12,,,,70cm 3/8 circle Reverse Cutting NW 3336,Johnson & Johnson Pvt ltd,Surgical,Suture Material,1 pack
Ethicon Ethilon 2-0,V 4065,Apr-29,2,,,,70cm 3/8 circle Reverse Cutting NW 3336,Johnson & Johnson Pvt ltd,Surgical,Suture Material,1 pack
Ethicon Ethilon 3-0,V 5028,May-30,24,,,,70cm 3/8 circle Reverse Cutting NW 3328,Johnson & Johnson Pvt ltd,Surgical,Suture Material,1 pack
"Kidney Tray 12"" Plastic",A001,Dec-30,8,,,,12',Chetak Mediplast Industries,Surgical,Usable,1 pack
Kidney Tray 300m Steel,A002,Dec-30,1,,,,300mm,Unknown,Surgical,Usable,1 pack
Skin Stapler Remover,2110100,Feb-27,1,,,,Single use Skin Stapler,Sunmedix C Ltd,Surgical,usable , 1 Pack
Skin Stapler TruePLer Sterile,T 250302,Jun-30,3,,,,Sterile Skin Stapler,Med devices Lifescience ltd,Surgical,Usable,1 pack
Easy Glide,OD 250200325,Feb-30,33,,,,Surgical Skin Prep Bladw,Dynamic Techno Medical,Surgical,Surgical,1 Pack
Cord clamp,CC 2301,Jun-26,41,,,,Umbilical Cord clamp,Dr.M's Healthcare Pvt Ltd,Surgical,Surgical,1 Pack
 Truseal Wound Closure Device,TS 252416,Nov-26,5,,,,Wound Closure Topical Skin Adhesive Glue,Healthium Medtech Ltd,Surgical,Surgical,1 pack
 Truseal Wound Closure Device,TS 252502,Dec-26,10,,,,Wound Closure Topical Skin Adhesive Glue,Healthium Medtech Ltd,Surgical,Surgical,1 pack
Qubix -OB KIT/180,PL 4203N,Jan-29,3,690,1379,1,Absorable Surgical Suture Sterilised surgical Needle Suture,Qubix Medicare Pvt Ltd,Surgical,Surgical,1 pack
Surgeon Blades 22,A 1284940,Sep-29,80,2.7,5,1,Sterile Surgical Blades,Kehr Surgical Pvt ltd,Surgical,Surgical,1 pack
Surgeon Blades 11,A 14186,Nov-28,87,2.7,5.5,1,Sterile Surgical Blades,Kehr Surgical Pvt ltd,Surgical,Surgical,1 pack
Surgeon Blades 11,A 13878,Oct-28,17,2.7,5,1,Sterile Surgical Blades,Kehr Surgical Pvt ltd,Surgical,Surgical,1 pack
Surgeon Blades 15,B00424,Dec-28,100,2.7,5.5,1,Sterile Surgical Blades,Kehr Surgical Pvt ltd,Surgical,Surgical,1 pack
Arrow three Lumen CVC,71F24B0480,Oct-27,2,,,,Three way Centreline ,Teleflex Medcal Pvt Ltd,Surgical,Surgical,1 pack
Mucus Extractor ,G 23I010520,Aug-28,1,,,,Oropharygeal Catheter,Romsons Group Private ltd,Surgical,Surgical, 1pack
Mucus Extractor ,G 25C010582,Feb-30,2,,,,Oropharygeal Catheter,Romsons Group Private ltd,Surgical,Surgical, 1pack
Guedel Airways,G 220810869,Jul-27,1,,,,Oropharygeal Airway,Romsons Group Private ltd,Surgical,Surgical,1 pack
PM-O-LINE,G 23I010960,Sep-28,2,,,,Extension Set Pressure Monitoring Line,Romsons Group Private ltd,Surgical,Surgical,1 Pack
Neo I Care Pre term Eye Shield,NICPK 1012,Jul-30,2,,,,Specially Designed Disposable Neo Natal Eye,Alliance Hospital Products india Pvt Ltd,Surgical,Surgical,1 pack
Easytrode,ETSNO77-0925,Aug-28,50,,,,ECG Electrode,Dynamic Techno Medical,Surgical,Surgical,1 pack
Easytrode,ETSNO77-0724,Jul-27,20,,,,ECG Electrode,Dynamic Techno Medical,Surgical,Surgical,1 pack
Scalp Vein Set Black 22G,G 25IO10605,Aug-30,200,,,,Winged Needle Infusion Set 22G,Romsons Group Private ltd,Surgical,Surgical,1 pack
Scalp Vein Set Purple 24G,G 24D01 0547,Mar-29,29,,,,Winged Needle Infusion Set 24G,Romsons Group Private ltd,Surgical,Surgical,1 pack
Pedia Drip Plus,G 25C020972,Feb-30,9,,,,Paedia Measured Volume IV Set,Romsons Group Private ltd,Surgical,Surgical,1 Pack
Medireg,24A0004,Dec-28,9,,,,IV Flow Regulator Extension Set,Global Medikit Limited,Surgical,Surgical,1 Pack
Oxy Set Adult ,G 25H04 0002,Jul-30,14,,,,Nasal Oxygen Catheter,Romsons Group Private ltd,Surgical,Surgical,1 pack
Oxy Set Adult ,G 25E04 0163,Apr-30,4,,,,Nasal Oxygen Catheter,Romsons Group Private ltd,Surgical,Surgical,1 pack
Oxy Set Child,G 24L040687,Nov-29,9,,,,Nasal Oxygen Catheter,Romsons Group Private ltd,Surgical,Surgical,1 pack
Aero Mist Nebulizer Kit adult,NB2281,Dec-25,4,,,,Nebulizer Accessories Kit,Romsons Group Private ltd,Surgical,Surgical,1 pack
Aero Mist Nebulizer Kit adult,G24J040687,Sep-29,7,,,,Nebulizer Accessories Kit,Romsons Group Private ltd,Surgical,Surgical,1 pack
Aero Neb Nebulizer Kit Child,G25J040156,Sep-30,5,,,,Nebulizer Accessories Kit,Romsons Group Private ltd,Surgical,Surgical,1 pack
Aero Neb Nebulizer Kit Child,G23K040589,Oct-28,10,,,,Nebulizer Accessories Kit,Romsons Group Private ltd,Surgical,Surgical,1 pack
Ryles Tube 14FG,G 25G010709,Jun-30,2,,,,Ryles Tube,Romsons Group Private ltd,Surgical,Surgical,1 pack
RylesTube  14FG,G 220110581,Dec-26,1,,,,Ryles Tube,Romsons Group Private ltd,Surgical,Surgical,1 pack
RylesTube  16FG,G 220210861,Jan-27,1,,,,Ryles Tube,Romsons Group Private ltd,Surgical,Surgical,1 pack
Vein-o-Line,G 24K010904,Oct-29,2,25.5,379,1,Extension sets,Romsons Group Private ltd,Surgical,Surgical,1 pack
Vein-o-Line,G 25C010685,Feb-30,6,25.5,379,1,Extension sets,Romsons Group Private ltd,Surgical,Surgical,1 pack
Vein-o-Line,G 25F010282,May-30,4,25.5,415,1,Extension sets,Romsons Group Private ltd,Surgical,Surgical,1 pack
Rusch 3 way latex Foley balloon Cathether 22 Ch,P 23F01,May-28,4,,,,3 way latex Foley Balloon catheter 22Ch,Teleflex Medcal Pvt Ltd,Surgical,Surgical,1 pack
Rusch 3 way latex Foley balloon Cathether 20 Ch,P 23FO8,May-28,5,,,,3 way latex Foley Balloon catheter 20Ch,Teleflex Medcal Pvt Ltd,Surgical,Surgical,1 pack
Rusch 2 way latex Foley balloon Cathether 14 Ch,P 22G10,Jun-27,6,,,,2 way latex Foley Balloon catheter 14Ch,Teleflex Medcal Pvt Ltd,Surgical,Surgical,1 pack
Rusch 2 way latex Foley balloon Cathether 16 Ch,P 22C10,Feb-27,20,,,,2 way latex Foley Balloon catheter 16Ch,Teleflex Medcal Pvt Ltd,Surgical,Surgical,1 pack
Rusch 2 way latex Foley balloon Cathether 18 Ch,P 23K07,Oct-28,4,,,,2 way latex Foley Balloon catheter 16Ch,Teleflex Medcal Pvt Ltd,Surgical,Surgical,1 pack
Silicon Coated 2 Way Latex Foley Balloon Catheter 14 ch,,,,,,,2 way Silicon coated latex foley balloon catheter 14ch,Dr.M's Healthcare Pvt Ltd,surgical,Surgical,1 pack
Rusch 2 way Silicone Catheter 14ch,40E24G60T3,Jun-28,4,,,,2 way Silicone catheter 14ch,Teleflex Medcal Pvt Ltd,Surgical,Surgical,1 pack
Rusch 2 way Silicone Catheter 12ch,40E23G4791,Sep-01,3,,,,2 way Silicone catheter 12ch,Teleflex Medcal Pvt Ltd,Surgical,Surgical,1 pack
Rusch 2 way Silicone Catheter 16ch,40E25A0621,Dec-29,3,,,,2 way Silicone catheter 16ch,Teleflex Medcal Pvt Ltd,Surgical,Surgical,1 pack
Suction Catheter 14FG,,,,,,,Suction Catheter,Dr.M's Healthcare Pvt Ltd,Surgical,Surgical,1 pack
Portex Single use Bougie Coude Tip,4411694,Jun-28,1,,,,Singe Use Bougle Coude Tip - Tracheal Tube Introducer,Smiths Medical,Surgical,Surgical,1 pack
Romo Bougie,G 230300001,Feb-28,1,,,,Singe Use Bougle Coude Tip - Tracheal Tube Introducer,Romsons Group Private ltd,Surgical,Surgical,1 pack
Feedy 5FG,G 24B010905,Jan-29,7,61,61,1,Feeding Tube 5 FG,Romsons Group Private ltd,Surgical,Surgical,1 pack
Feedy 6FG,G 23J010721,Sep-28,7,61,61,1,Feeding Tube 6FG,Romsons Group Private ltd,Surgical,Surgical,1 pack
Feedy 7FG,G 220110923,Dec-26,9,57,57,1,Feeding Tube 7FG,Romsons Group Private ltd,Surgical,Surgical,1 pack
Feedy 9FG,G 220140920,Jul-27,9,61,61,1,Feeding Tube 9FG,Romsons Group Private ltd,Surgical,Surgical,1 pack
Feedy 10FG,G 23IO10555,Aug-28,9,61,61,1,Feeding Tube 10FG,Romsons Group Private ltd,Surgical,Surgical,1 pack
Medi Disposable Buff Cap,BC/01/2024-25,Apr-27,62,4.5,10,1,OT Theatre Buff Cap,Meditubes Marketing Division ,Surgical,Surgical,1 pack
Urine Pot Male,UL2308,Jul-28,8,40,75,1,Urine Bladder pot,3G Surgical Industrial Pvt Ltd,Surgical,Normal,1 pack
Hi-Mask Face mask,G 23L040511,Nov-28,3,126,687,1,Non Rebreathing Oxygen Face mask,Romsons Group Private ltd,Surgical,Surgical,1 pack
Vaccu suck Suction set - Yankaur suction set,G 25G010338,Jun-30,1,102,584,1,Suction Tube with connector- Catheter Accessories,Romsons Group Private ltd,Surgical,Surgical,1 pack
Vaccu suck Suction set - Yankaur suction set,G25H010012,Jul-30,5,102,584,1,Suction Tube with connector- Catheter Accessories,Romsons Group Private ltd,Surgical,Surgical,1 pack
TUR Set,G 24D010833,Mar-29,1,115,500,1,Transurethral Resection Set for Endoscopic TURP,Romsons Group Private ltd,surgical,Surgical,1 pack
TUR Set,G 24I010771,Aug-29,2,115,500,1,Transurethral Resection Set for Endoscopic TURP,Romsons Group Private ltd,surgical,Surgical,1 pack
ROMO Vac Set 16FG,G 23KO10779,Oct-28,1,250,978,1,Closed Wound Drainage system 16FG,Romsons Group Private ltd,Surgical,Surgical,1 pack
ROMO Vac Set 16FG,G 230710539,Jun-28,1,250,978,1,Closed Wound Drainage system 16FG,Romsons Group Private ltd,Surgical,Surgical,1 pack
ROMO Vac Set 14FG,G 25HO10318,Jul-30,2,250,1072.5,1,Closed Wound Drainage system 14FG,Romsons Group Private ltd,Surgical,Surgical,1 pack
ROMO Vac Set 12FG,G 25H010371,Jul-30,1,194,996,1,Closed Wound Drainage system 14FG,Romsons Group Private ltd,Surgical,Surgical,1 pack
ROMO Vac Set 10FG,G23KO10601,Oct-28,1,195,827,1,Closed Wound Drainage system 14FG,Romsons Group Private ltd,Surgical,Surgical,1 pack
BD Quincke Needle 22G,2110010,Sep-26,6,83.5,236.5,1,Spinal Needle Quincke Type point 22G,becton Dickinson Infusion Therapy,Surgical,Surgical,1 pack
BD Quincke Needle 23G,2310009,Sep-28,2,70,236.5,1,Spinal Needle Quincke Type point 23G,becton Dickinson Infusion Therapy,Surgical,Surgical,1 pack
BD Quincke Needle 23G,2305033,Apr-28,2,70,236.5,1,Spinal Needle Quincke Type point 23G,becton Dickinson Infusion Therapy,Surgical,Surgical,1 pack
BD Quincke Needle 25G,2505021,Apr-30,5,83.5,236.5,1,Spinal Needle Quincke Type point 24G,becton Dickinson Infusion Therapy,Surgical,Surgical,1 pack
BD Quincke Needle 26G,2502032,Jan-30,5,83.5,236.5,1,Spinal Needle Quincke Type point 26G,becton Dickinson Infusion Therapy,Surgical,Surgical,1 pack
BD Quincke Needle 26G,2309025,Aug-28,11,85.5,236.5,1,Spinal Needle Quincke Type point 26G,becton Dickinson Infusion Therapy,Surgical,Surgical,1 pack
BD Quincke Needle 26G,2309007,Aug-28,1,85.5,236.5,1,Spinal Needle Quincke Type point 26G,becton Dickinson Infusion Therapy,Surgical,Surgical,1 pack
BD Quincke Needle 27G,2502010,Jan-30,6,78.5,236.5,1,Spinal Needle Quincke Type point 27G,becton Dickinson Infusion Therapy,Surgical,Surgical,1 pack
Nebulizer Mask Adult,G 25F040163,May-30,7,,,,Nebulizer mask Adult,Dr.M's Healthcare Pvt Ltd,Surgical,Surgical,1 pack
Flexi Mask Rebreathing Oxygen  face mask Adult,,,,,,,Rebreathing Oxygen face mask Adult,Romsons Group Private ltd,Surgical,Surgical,1 pack
Flexi Mask Rebreathing Oxygen  face mask Child,,,,,,,Rebreathing Oxygen face mask Child,Romsons Group Private ltd,Surgical,Surgical,1 pack
Ventilator Anaethesia Mask,,,,,,,Ventilator Anaethesia Mask,Annam Pharmacy,Surgical,Surgical,1 pack
Acturaa Mag Foldable Wheel Chair,,,,,,,Foldable Wheel Chair,Inbam Pharmacy ,Surgical,Surgical,1 pack
 Tynor Cure Walking Stick Quadrl,,,,,,,Walking Stick Quadrl,Tynor Orthotics pvt ltd,Ortho Support,usable,1 pack
Tynor Cure Elbow Crutch Adjustment - UniSex,,,,,,,Elbow Crutch Adjustment walking Stick - Unisex,Tynor Orthotics pvt ltd,Ortho Support,usable,1 pack
Tynor Cure Walking Stick Tripod -Unisex,,,,,,,Tynor Cure Walking Stick - Unisex,Tynor Orthotics pvt ltd,Ortho Support,Usable ,1 pack
Foldable walker Aluminium,,,,,,,Walker ,Kan Tech Pvt Ltd,Ortho Support,Usable,1 pack